time,lat,lon,elevation,accuracy,bearing,speed,satellites,provider,hdop,vdop,pdop,geoidheight,ageofdgpsdata,dgpsid,activity,battery,annotation
2018-05-03T05:05:57.000Z,13.557127,80.025044,-59,21.237999,,0,9,gps,1.4,0.9,1.7,-84,,,,20,
2018-05-03T05:07:18.000Z,13.557128,80.025048,-61,24.272,,0,8,gps,,,,,,,,19,
2018-05-03T05:08:34.000Z,13.557112,80.02505,-60,27.306,,0,9,gps,1.5,0.9,1.7,-84,,,,19,
2018-05-03T05:10:18.000Z,13.557112,80.025041,-62,33.374,,0,8,gps,2.2,0.9,2.4,-84,,,,18,
2018-05-03T06:40:42.000Z,13.557109,80.02505,-73,39.441998,,0,7,gps,1.3,0.9,1.6,-84,,,,39,
2018-05-03T06:41:59.000Z,13.557117,80.025122,-73,24.272,168.4,0.77,12,gps,1.1,0.9,1.4,-84,,,,39,
2018-05-03T06:43:05.000Z,13.557089,80.025114,-76,33.374,,0,8,gps,0.8,0.8,1.1,-84,,,,38,
2018-05-03T06:55:14.000Z,13.557302,80.025079,-79,39.441998,,0,7,gps,2.4,0.9,2.6,-84,,,,38,
2018-05-03T06:57:06.000Z,13.557007,80.025028,-65,39.441998,,0,5,gps,2.6,0.9,2.8,-84,,,,41,
2018-05-03T06:57:59.000Z,13.557041,80.025034,-74,34.891,,0,7,gps,1.5,0.9,1.8,-84,,,,41,
2018-05-03T06:59:40.000Z,13.556964,80.024963,-62,36.407997,281.1,0.32,8,gps,1,0.9,1.4,-84,,,,40,
2018-05-03T07:08:52.000Z,13.556969,80.024981,-66,30.34,,0,9,gps,1.2,0.9,1.5,-84,,,,40,
2018-05-03T07:12:17.000Z,13.557209,80.025035,-78,33.374,,0,5,gps,1,0.8,1.3,-84,,,,39,
2018-05-03T07:13:40.000Z,13.557162,80.025027,-79,22.755,,0,9,gps,0.8,0.9,1.2,-84,,,,39,
2018-05-03T07:14:45.886Z,13.557372,80.024277,-75,9.101999,268.2,1.43,8,gps,0.9,0.9,1.2,-84,,,,39,
2018-05-03T07:16:12.000Z,13.557664,80.023181,-76,9.101999,350.7,1.91,16,gps,0.6,0.7,1,-84,,,,39,
2018-05-03T07:17:27.000Z,13.558861,80.0229,-74,13.653,0.2,1.68,11,gps,0.7,0.7,1,-84,,,,39,
2018-05-03T07:18:30.000Z,13.559645,80.022522,-81,9.101999,339,1.75,14,gps,0.8,0.8,1.1,-84,,,,39,
2018-05-03T07:19:49.000Z,13.560224,80.02229,-81,19.720999,,0,4,gps,0.7,0.7,1,-84,,,,39,
2018-05-03T07:20:59.000Z,13.560215,80.022253,-80,15.17,,0,6,gps,0.7,0.7,1,-84,,,,38,
2018-05-03T07:22:03.000Z,13.560248,80.02227,-76,18.203999,,0,14,gps,0.6,0.7,0.9,-84,,,,38,
2018-05-03T07:23:21.000Z,13.565043,80.029131,-63,12.136,51.5,14.52,16,gps,0.8,0.8,1.1,-84,,,,38,
2018-05-03T07:23:45.739Z,13.566807,80.031706,-64,13.653,55.7,13.51,4,gps,0.6,0.7,0.9,-84,,,,38,
2018-05-03T07:24:14.000Z,13.569169,80.034379,-66,9.101999,50.8,13.09,19,gps,0.7,0.7,1,-84,,,,38,
2018-05-03T07:24:40.699Z,13.571313,80.037054,-67,6.068,51.4,14.13,10,gps,0.6,0.7,0.9,-84,,,,37,
2018-05-03T07:25:07.000Z,13.57341,80.039841,-73,6.068,51.3,14.42,19,gps,0.6,0.7,0.9,-84,,,,37,
2018-05-03T07:25:19.132Z,13.574475,80.041048,-71,7.585,50.6,14.51,11,gps,0.6,0.7,0.9,-84,,,,37,
2018-05-03T07:25:33.732Z,13.575329,80.042257,-65,9.101999,55.7,5.19,7,gps,0.6,0.7,0.9,-84,,,,37,
2018-05-03T07:26:12.000Z,13.576567,80.043585,-73,10.6189995,5.2,2.59,20,gps,,,,,,,,37,
2018-05-03T07:26:34.000Z,13.576785,80.043553,-80,9.101999,323,4.91,21,gps,,,,,,,,37,
2018-05-03T07:26:47.000Z,13.577599,80.042961,-71,7.585,321.1,10.6,17,gps,0.6,0.6,0.9,-84,,,,37,
2018-05-03T07:27:00.092Z,13.578855,80.042109,-81,13.653,323.9,14.34,13,gps,0.6,0.6,0.9,-84,,,,37,
2018-05-03T07:27:14.000Z,13.580249,80.040912,-72,13.653,322.2,15.23,20,gps,0.6,0.6,0.9,-84,,,,37,
2018-05-03T07:27:23.372Z,13.581255,80.04012,-80,10.6189995,322.2,15.35,8,gps,0.6,0.6,0.9,-84,,,,37,
2018-05-03T07:27:38.000Z,13.582962,80.038753,-86,9.101999,322.1,15.37,18,gps,0.6,0.6,0.9,-84,,,,37,
2018-05-03T07:27:49.000Z,13.584081,80.037851,-91,13.653,322.6,15.19,17,gps,0.6,0.7,0.9,-84,,,,37,
2018-05-03T07:28:03.000Z,13.585466,80.036771,-82,19.720999,321.9,12.76,17,gps,0.6,0.7,1,-84,,,,37,
2018-05-03T07:28:14.112Z,13.586575,80.035957,-80,13.653,324.7,14.19,11,gps,0.7,0.7,1,-84,,,,36,
2018-05-03T07:28:27.000Z,13.587747,80.035167,-85,16.687,327.2,12.17,20,gps,0.6,0.7,0.9,-84,,,,36,
2018-05-03T07:28:35.172Z,13.58857,80.034526,-86,7.585,318,13.31,11,gps,0.6,0.7,0.9,-84,,,,36,
2018-05-03T07:28:48.000Z,13.589441,80.033433,-83,19.720999,301.5,11,19,gps,0.6,0.7,0.9,-84,,,,36,
2018-05-03T07:30:08.000Z,13.589689,80.033011,-79,6.068,141.6,1.15,20,gps,,,,,,,,36,
2018-05-03T07:30:19.770Z,13.589543,80.033124,-71,7.585,135.2,1.47,14,gps,0.7,0.7,0.9,-84,,,,36,
2018-05-03T07:30:31.550Z,13.589521,80.03325,-73,6.068,123.8,1.47,14,gps,0.6,0.7,0.9,-84,,,,36,
2018-05-03T07:30:44.000Z,13.589443,80.033396,-79,4.5509996,118.1,1.28,18,gps,0.7,0.8,1,-84,,,,36,
2018-05-03T07:30:43.806Z,13.589474,80.033013,0,24.263,0,0,0,network,,,,,,,,36,
2018-05-03T07:31:11.000Z,13.589239,80.033671,-78,4.5509996,131.9,1.3,18,gps,0.7,0.8,1,-84,,,,36,
2018-05-03T07:31:22.130Z,13.589112,80.033749,-75,6.068,142.6,1.39,18,gps,0.6,0.7,0.9,-84,,,,36,
2018-05-03T07:31:32.590Z,13.588984,80.033869,-74,7.585,136.9,1.28,14,gps,0.7,0.8,1,-84,,,,35,
2018-05-03T07:31:46.630Z,13.588887,80.033989,-62,7.585,142.1,1.12,12,gps,0.7,0.7,1,-84,,,,35,
2018-05-03T07:32:00.796Z,13.588819,80.034022,0,23.726,0,0,0,network,,,,,,,,35,
2018-05-03T07:32:44.000Z,13.58848,80.034235,-69,10.6189995,148.3,1.15,0,gps,,,,,,,,35,
2018-05-03T07:33:12.386Z,13.588731,80.034014,0,37.414,0,0,0,network,,,,,,,,35,
2018-05-03T07:33:30.685Z,13.588729,80.034063,0,30.282,0,0,0,network,,,,,,,,35,
2018-05-03T07:34:00.000Z,13.587809,80.03486,-62,9.101999,143.8,1.28,10,gps,0.7,0.7,1,-84,,,,35,
2018-05-03T07:34:14.330Z,13.587681,80.03495,-77,6.068,141.1,1.49,16,gps,0.7,0.7,1,-84,,,,35,
2018-05-03T07:34:29.590Z,13.587543,80.035032,-76,12.136,177.4,1.18,16,gps,0.7,0.7,1,-84,,,,35,
2018-05-03T07:34:42.032Z,13.587657,80.034853,0,38.73,0,0,0,network,,,,,,,,35,
2018-05-03T07:35:57.169Z,13.587376,80.035087,0,23.809,0,0,0,network,,,,,,,,35,
2018-05-03T07:37:16.458Z,13.58738,80.035084,0,23.6,0,0,0,network,,,,,,,,35,
2018-05-03T07:38:18.205Z,13.58738,80.035084,0,22.5,0,0,0,network,,,,,,,,35,
2018-05-03T07:39:21.000Z,13.587351,80.035143,-70,25.789,,0,11,gps,1.1,0.8,1.4,-84,,,,35,
2018-05-03T07:40:56.593Z,13.587419,80.035068,0,26.473,0,0,0,network,,,,,,,,35,
2018-05-03T07:41:44.011Z,13.587865,80.03483,-86,9.101999,327.3,1.18,14,gps,0.7,0.7,1,-84,,,,34,
2018-05-03T07:42:11.191Z,13.588204,80.034626,-85,9.101999,318.6,1.33,9,gps,0.7,0.7,1,-84,,,,34,
2018-05-03T07:42:26.971Z,13.588334,80.034558,-86,13.653,331.4,1.33,12,gps,0.7,0.8,1.1,-84,,,,34,
2018-05-03T07:42:43.871Z,13.588435,80.034389,-71,7.585,66.2,1.01,14,gps,0.7,0.7,1,-84,,,,34,
2018-05-03T07:43:07.211Z,13.588689,80.034486,-81,13.653,329.7,1.03,10,gps,0.7,0.7,1,-84,,,,34,
2018-05-03T07:43:27.986Z,13.588816,80.034026,0,23.742,0,0,0,network,,,,,,,,34,
2018-05-03T07:43:29.083Z,13.588816,80.034026,0,23.742,0,0,0,network,,,,,,,,34,
2018-05-03T07:43:49.031Z,13.589126,80.034269,-80,7.585,311.8,1.31,13,gps,0.8,0.8,1.1,-84,,,,33,
2018-05-03T07:43:58.891Z,13.589197,80.034136,-83,9.101999,310.2,1.66,11,gps,0.7,0.7,1,-84,,,,33,
2018-05-03T07:44:13.971Z,13.589217,80.033994,-77,10.6189995,304.1,1.38,12,gps,,,,,,,,33,
2018-05-03T07:44:25.571Z,13.589415,80.033827,-76,7.585,313.1,1.59,14,gps,0.7,0.7,1,-84,,,,33,
2018-05-03T07:44:35.311Z,13.589481,80.033718,-76,4.5509996,301.1,1.58,16,gps,0.7,0.7,1,-84,,,,33,
2018-05-03T07:44:46.291Z,13.589554,80.033609,-83,6.068,306.4,0.96,16,gps,0.7,0.8,1,-84,,,,33,
2018-05-03T07:45:00.211Z,13.589645,80.033491,-73,6.068,301.5,1.42,16,gps,0.7,0.7,1,-84,,,,33,
2018-05-03T07:45:11.851Z,13.589777,80.033317,-66,9.101999,309.7,1.54,16,gps,0.7,0.7,1,-84,,,,33,
2018-05-03T07:45:31.831Z,13.589951,80.033076,-80,6.068,316.2,1.32,16,gps,0.7,0.7,1,-84,,,,33,
2018-05-03T07:45:47.000Z,13.590086,80.032979,-86,4.5509996,312.7,1.48,18,gps,0.7,0.7,1,-84,,,,33,
2018-05-03T07:46:01.111Z,13.5902,80.032821,-76,7.585,312,1.42,15,gps,0.7,0.7,1,-84,,,,33,
2018-05-03T07:46:17.311Z,13.59037,80.032637,-70,7.585,306.2,1.07,13,gps,0.7,0.7,1,-84,,,,33,
2018-05-03T07:46:42.131Z,13.590653,80.032428,-82,9.101999,334.1,1.54,7,gps,0.7,0.7,1,-84,,,,32,
2018-05-03T07:46:58.091Z,13.59084,80.032352,-81,6.068,315.2,1.53,15,gps,0.6,0.7,0.9,-84,,,,32,
2018-05-03T07:47:10.611Z,13.590988,80.032224,-81,7.585,320.1,1.59,16,gps,0.6,0.7,0.9,-84,,,,32,
2018-05-03T07:47:26.491Z,13.59121,80.032128,-82,6.068,331,1.42,15,gps,0.6,0.7,0.9,-84,,,,32,
2018-05-03T07:47:40.689Z,13.591136,80.03235,0,28.076,0,0,0,network,,,,,,,,32,
2018-05-03T07:52:00.000Z,13.591472,80.032153,-86,37.925,227.5,0.7,9,gps,1.1,0.9,1.4,-84,,,,32,
2018-05-03T07:52:05.000Z,13.591448,80.032127,-86,36.407997,220.9,0.3,3,gps,1,0.9,1.3,-84,,,,32,
2018-05-03T07:52:03.043Z,13.591503,80.032143,0,35.799,0,0,0,network,,,,,,,,32,
2018-05-03T07:52:27.894Z,13.591494,80.031978,0,34.855,0,0,0,network,,,,,,,,31,
2018-05-03T07:53:07.730Z,13.591522,80.032009,0,33.913,0,0,0,network,,,,,,,,31,
2018-05-03T07:53:12.864Z,13.591544,80.032045,0,30.911,0,0,0,network,,,,,,,,31,
2018-05-03T07:53:29.000Z,13.591471,80.032432,-95,31.856998,159.1,0.62,2,gps,0.9,0.8,1.3,-84,,,,31,
2018-05-03T07:53:32.000Z,13.591463,80.032425,-97,33.374,158,0.43,0,gps,0.9,0.8,1.3,-84,,,,31,
2018-05-03T07:53:36.000Z,13.591469,80.032407,-97,39.441998,,0,5,gps,1.6,1,1.9,-84,,,,31,
2018-05-03T07:53:37.038Z,13.591535,80.032079,0,34.059,0,0,0,network,,,,,,,,31,
2018-05-03T07:53:44.000Z,13.591482,80.032414,-97,39.441998,212.2,0.19,7,gps,1.1,0.9,1.4,-84,,,,31,
2018-05-03T07:53:47.000Z,13.591497,80.032478,-97,30.34,12.4,0.4,2,gps,1.2,0.9,1.5,-84,,,,31,
2018-05-03T07:53:38.229Z,13.591537,80.032074,0,31.61,0,0,0,network,,,,,,,,31,
2018-05-03T07:53:48.085Z,13.591522,80.032104,0,33.08,0,0,0,network,,,,,,,,31,
2018-05-03T07:53:51.000Z,13.591522,80.032482,-97,30.34,22.2,0.49,1,gps,1.2,0.9,1.5,-84,,,,31,
2018-05-03T07:54:05.000Z,13.591657,80.032179,-94,39.441998,358.9,0.45,9,gps,1,0.9,1.3,-84,,,,31,
2018-05-03T07:54:06.003Z,13.59152,80.032102,0,33.17,0,0,0,network,,,,,,,,31,
2018-05-03T07:54:21.000Z,13.591669,80.032166,-97,37.925,359.7,0.75,9,gps,1,0.8,1.3,-84,,,,31,
2018-05-03T07:54:07.159Z,13.591534,80.032038,0,32.245,0,0,0,network,,,,,,,,31,
2018-05-03T07:54:22.090Z,13.591526,80.032025,0,34.89,0,0,0,network,,,,,,,,31,
2018-05-03T07:54:42.000Z,13.591592,80.03234,-96,36.407997,114.1,0.77,9,gps,1.1,0.8,1.4,-84,,,,31,
2018-05-03T07:54:45.000Z,13.591675,80.032337,-95,36.407997,35.4,0.37,3,gps,1.1,0.8,1.4,-84,,,,31,
2018-05-03T07:54:46.824Z,13.591874,80.031849,0,26.414,0,0,0,network,,,,,,,,31,
2018-05-03T07:55:19.366Z,13.591815,80.031842,0,24.778,0,0,0,network,,,,,,,,31,
2018-05-03T07:55:38.568Z,13.591806,80.031862,0,24.808,0,0,0,network,,,,,,,,30,
2018-05-03T07:55:48.487Z,13.591622,80.031993,0,28.993,0,0,0,network,,,,,,,,30,
2018-05-03T07:56:06.446Z,13.591766,80.031903,0,25.119,0,0,0,network,,,,,,,,30,
2018-05-03T08:33:53.000Z,13.591578,80.032068,-78,25.789,,0,13,gps,,,,,,,,27,
2018-05-03T08:33:54.477Z,13.591572,80.032071,-78,13.653,,0,2,gps,1.2,0.9,1.5,-84,,,,27,
2018-05-03T08:33:57.000Z,13.591622,80.032068,-82,12.136,,0,2,gps,1.2,0.9,1.5,-84,,,,27,
2018-05-03T08:33:59.000Z,13.591669,80.032066,-80,9.101999,,0,8,gps,0.9,0.8,1.2,-84,,,,27,
2018-05-03T08:33:51.085Z,13.59168,80.031911,0,38.123,0,0,0,network,,,,,,,,27,
2018-05-03T08:34:00.000Z,13.591668,80.032069,-79,9.101999,,0,8,gps,1.1,0.8,1.3,-84,,,,27,
2018-05-03T08:34:01.000Z,13.591668,80.032074,-79,9.101999,,0,11,gps,1.1,0.8,1.3,-84,,,,27,
2018-05-03T08:34:02.000Z,13.591664,80.03207,-77,9.101999,297,1.42,11,gps,1,0.8,1.3,-84,,,,27,
2018-05-03T08:34:03.000Z,13.591656,80.032064,-78,9.101999,291,1.53,7,gps,1,0.8,1.3,-84,,,,27,
2018-05-03T08:34:04.000Z,13.591654,80.032055,-77,9.101999,,,7,gps,1.4,0.9,1.7,-84,,,,27,
2018-05-03T08:34:05.000Z,13.591652,80.03205,-76,7.585,290.3,0.76,11,gps,1.4,0.9,1.7,-84,,,,27,
2018-05-03T08:34:06.000Z,13.59165,80.032048,-76,7.585,290.3,0.56,11,gps,1.4,0.9,1.7,-84,,,,27,
2018-05-03T08:34:07.000Z,13.59164,80.032047,-78,7.585,290,0.88,12,gps,1,0.8,1.3,-84,,,,27,
2018-05-03T08:34:08.000Z,13.591628,80.032039,-79,7.585,269.1,1.71,12,gps,1,0.8,1.3,-84,,,,27,
2018-05-03T08:34:09.000Z,13.591615,80.032029,-80,7.585,268.9,1.42,12,gps,1,0.8,1.3,-84,,,,27,
2018-05-03T08:34:10.160Z,13.591601,80.03202,-80,10.6189995,,,12,gps,1,0.8,1.3,-84,,,,27,
2018-05-03T08:34:11.607Z,13.591557,80.032035,-82,9.101999,268.7,0.87,10,gps,1,0.8,1.3,-84,,,,27,
2018-05-03T08:34:12.856Z,13.591551,80.032025,-82,10.6189995,268.6,0.72,6,gps,0.9,0.8,1.2,-84,,,,27,
2018-05-03T08:34:14.107Z,13.591543,80.03202,-82,12.136,268.6,0.62,6,gps,0.9,0.8,1.2,-84,,,,27,
2018-05-03T08:34:15.343Z,13.591539,80.032012,-83,12.136,268.6,0.99,6,gps,0.9,0.8,1.2,-84,,,,27,
2018-05-03T08:34:16.525Z,13.5915,80.032025,-85,13.653,268.4,0.53,6,gps,0.9,0.8,1.2,-84,,,,27,
2018-05-03T08:34:23.000Z,13.591414,80.032037,-81,13.653,268.3,1.1,11,gps,1.2,0.9,1.5,-84,,,,27,
2018-05-03T08:34:26.000Z,13.591406,80.03199,-84,9.101999,221.4,2.45,15,gps,0.7,0.7,1,-84,,,,27,
2018-05-03T08:34:29.000Z,13.591373,80.031957,-86,7.585,181.2,0.9,12,gps,0.7,0.7,1,-84,,,,27,
2018-05-03T08:34:32.000Z,13.591361,80.031975,-83,6.068,155,0.86,11,gps,0.7,0.7,1,-84,,,,27,
2018-05-03T08:34:35.000Z,13.591342,80.032004,-82,6.068,140.7,1.1,8,gps,0.7,0.8,1.1,-84,,,,27,
2018-05-03T08:34:38.000Z,13.591324,80.032043,-83,6.068,127.6,1.72,11,gps,0.8,0.8,1.1,-84,,,,27,
2018-05-03T08:34:41.000Z,13.591294,80.032073,-82,6.068,138.7,1.74,9,gps,0.8,0.8,1.1,-84,,,,27,
2018-05-03T08:34:42.408Z,13.591221,80.03237,0,35.692,0,0,0,network,,,,,,,,27,
2018-05-03T08:34:45.000Z,13.591239,80.032094,-82,7.585,157.6,1.4,10,gps,0.8,0.8,1.1,-84,,,,27,
2018-05-03T08:34:48.000Z,13.591225,80.032105,-82,7.585,155.3,1.07,9,gps,0.9,0.8,1.2,-84,,,,27,
2018-05-03T08:34:51.000Z,13.591192,80.032125,-83,6.068,161.4,1.05,11,gps,0.8,0.8,1.2,-84,,,,27,
2018-05-03T08:34:43.562Z,13.591163,80.032312,0,28.375,0,0,0,network,,,,,,,,27,
2018-05-03T08:34:52.504Z,13.591166,80.032269,0,28.959,0,0,0,network,,,,,,,,27,
2018-05-03T08:34:55.000Z,13.591156,80.032136,-80,6.068,155.8,0.98,9,gps,0.7,0.8,1.1,-84,,,,27,
2018-05-03T08:34:58.000Z,13.591123,80.032138,-82,6.068,149.6,1.84,11,gps,0.7,0.8,1.1,-84,,,,27,
2018-05-03T08:35:01.000Z,13.591095,80.03217,-81,6.068,149.6,1.01,14,gps,0.7,0.8,1,-84,,,,27,
2018-05-03T08:35:02.459Z,13.591195,80.032357,0,28.805,0,0,0,network,,,,,,,,27,
2018-05-03T08:35:05.000Z,13.591066,80.032195,-81,7.585,149.6,0.83,3,gps,0.7,0.8,1,-84,,,,27,
2018-05-03T08:35:08.000Z,13.591045,80.032211,-82,6.068,149.6,1.24,12,gps,0.7,0.8,1,-84,,,,27,
2018-05-03T08:35:11.000Z,13.590996,80.032241,-79,7.585,149.6,0.77,14,gps,0.7,0.8,1,-84,,,,27,
2018-05-03T08:35:03.530Z,13.591195,80.032357,0,28.805,0,0,0,network,,,,,,,,27,
2018-05-03T08:35:12.937Z,13.590969,80.032257,-79,10.6189995,149.6,0.73,14,gps,0.7,0.8,1,-84,,,,27,
2018-05-03T08:35:14.344Z,13.590961,80.032262,-80,12.136,149.6,0.8,3,gps,0.7,0.8,1,-84,,,,27,
2018-05-03T08:35:15.610Z,13.590962,80.032273,-80,12.136,149.6,0.43,3,gps,0.7,0.8,1,-84,,,,27,
2018-05-03T08:35:16.901Z,13.590959,80.032271,-79,12.136,151.5,0.74,4,gps,0.7,0.8,1,-84,,,,27,
2018-05-03T08:35:18.749Z,13.590953,80.032262,-79,12.136,159.9,0.42,5,gps,1.3,1,1.6,-84,,,,27,
2018-05-03T08:35:12.493Z,13.591093,80.032379,0,30.253,0,0,0,network,,,,,,,,27,
2018-05-03T08:35:20.851Z,13.590932,80.032276,-79,13.653,146.4,0.72,5,gps,1.2,1,1.5,-84,,,,27,
2018-05-03T08:35:22.171Z,13.590924,80.032282,-80,13.653,132,0.57,3,gps,1.2,1,1.5,-84,,,,27,
2018-05-03T08:35:25.000Z,13.590918,80.03228,-79,18.203999,133.5,1.54,4,gps,1.2,1,1.5,-84,,,,27,
2018-05-03T08:35:27.000Z,13.590893,80.032261,-78,15.17,149.6,1.18,2,gps,0.7,0.8,1.1,-84,,,,27,
2018-05-03T08:35:29.000Z,13.590846,80.032256,-77,15.17,149.8,0.74,3,gps,0.7,0.8,1.1,-84,,,,27,
2018-05-03T08:35:30.316Z,13.591107,80.032392,0,29.037,0,0,0,network,,,,,,,,27,
2018-05-03T08:35:32.000Z,13.590839,80.03226,-79,15.17,,0,12,gps,0.7,0.8,1.1,-84,,,,27,
2018-05-03T08:35:34.000Z,13.590833,80.03226,-79,15.17,,0,5,gps,0.8,0.8,1.1,-84,,,,27,
2018-05-03T08:35:36.000Z,13.59082,80.032259,-77,13.653,,0,11,gps,0.7,0.8,1.1,-84,,,,27,
2018-05-03T08:35:39.000Z,13.590796,80.032257,-77,13.653,,0,11,gps,0.7,0.8,1.1,-84,,,,27,
2018-05-03T08:35:45.013Z,13.590791,80.032253,-77,13.653,,0,14,gps,0.7,0.7,1,-84,,,,27,
2018-05-03T08:35:46.331Z,13.59079,80.032251,-77,13.653,,0,4,gps,2.3,1,2.5,-84,,,,27,
2018-05-03T08:35:54.000Z,13.590788,80.032257,-77,21.237999,,0,3,gps,1.6,1,1.9,-84,,,,27,
2018-05-03T08:35:56.000Z,13.590787,80.032262,-77,13.653,,0,3,gps,1.6,0.9,1.9,-84,,,,27,
2018-05-03T08:35:58.000Z,13.590758,80.032277,-80,10.6189995,155.9,1.63,2,gps,1,0.9,1.3,-84,,,,27,
2018-05-03T08:36:01.000Z,13.590667,80.03231,-77,9.101999,128.4,1.41,10,gps,0.9,0.9,1.3,-84,,,,27,
2018-05-03T08:36:04.000Z,13.590497,80.032304,-68,9.101999,155.6,1.37,12,gps,0.7,0.8,1,-84,,,,27,
2018-05-03T08:36:05.032Z,13.59047,80.032304,-72,9.101999,155.9,1.2,16,gps,0.7,0.7,1,-84,,,,27,
2018-05-03T08:36:06.263Z,13.590455,80.032309,-71,9.101999,151.7,1.17,3,gps,0.7,0.7,1,-84,,,,27,
2018-05-03T08:36:07.900Z,13.590439,80.032322,-71,10.6189995,146.9,1.12,2,gps,0.7,0.7,1,-84,,,,27,
2018-05-03T08:36:16.000Z,13.590374,80.032345,-71,22.755,171.3,0.63,12,gps,0.7,0.7,1,-84,,,,27,
2018-05-03T08:36:18.000Z,13.590339,80.032321,-66,15.17,142.1,1.33,4,gps,0.8,0.8,1.2,-84,,,,27,
2018-05-03T08:36:20.000Z,13.590288,80.032362,-63,10.6189995,120.2,0.71,5,gps,0.7,0.8,1.1,-84,,,,27,
2018-05-03T08:36:23.000Z,13.590233,80.032398,-70,9.101999,149.3,0.77,13,gps,0.7,0.8,1,-84,,,,27,
2018-05-03T08:36:24.214Z,13.590218,80.032402,-69,9.101999,155.1,0.89,3,gps,0.7,0.8,1,-84,,,,27,
2018-05-03T08:36:34.000Z,13.590131,80.032524,-70,18.203999,130.6,1.24,4,gps,0.7,0.8,1,-84,,,,27,
2018-05-03T08:36:36.000Z,13.590104,80.032529,-72,15.17,132.1,1.08,3,gps,0.9,0.9,1.3,-84,,,,27,
2018-05-03T08:36:38.000Z,13.59008,80.032536,-72,12.136,133.7,0.82,4,gps,0.8,0.8,1.1,-84,,,,27,
2018-05-03T08:36:41.000Z,13.59007,80.032574,-75,9.101999,136.3,0.87,13,gps,0.7,0.8,1,-84,,,,27,
2018-05-03T08:36:44.000Z,13.590039,80.032617,-81,7.585,122.3,0.97,15,gps,0.7,0.7,1,-84,,,,27,
2018-05-03T08:36:47.000Z,13.589997,80.032614,-80,6.068,174.3,0.94,15,gps,0.7,0.7,1,-84,,,,27,
2018-05-03T08:36:50.000Z,13.589948,80.032621,-81,4.5509996,134.6,1.1,14,gps,0.7,0.7,1,-84,,,,27,
2018-05-03T08:36:51.675Z,13.589938,80.032644,-79,4.5509996,166.3,0.79,15,gps,0.7,0.7,1,-84,,,,27,
2018-05-03T08:36:52.913Z,13.589931,80.03265,-78,6.068,175.8,0.89,4,gps,0.7,0.7,1,-84,,,,27,
2018-05-03T08:37:01.000Z,13.589811,80.032646,-77,10.6189995,155.1,0.94,12,gps,0.7,0.7,1,-84,,,,26,
2018-05-03T08:37:04.000Z,13.589825,80.032663,-82,9.101999,151.9,0.41,11,gps,0.7,0.8,1,-84,,,,26,
2018-05-03T08:37:07.000Z,13.589798,80.032687,-76,6.068,133,1.79,15,gps,0.7,0.7,1,-84,,,,26,
2018-05-03T08:37:10.000Z,13.589775,80.032719,-76,4.5509996,105.6,0.67,14,gps,0.7,0.7,1,-84,,,,26,
2018-05-03T08:37:13.000Z,13.589787,80.032764,-76,4.5509996,80.2,2,14,gps,0.7,0.8,1.1,-84,,,,26,
2018-05-03T08:37:16.000Z,13.5898,80.032785,-73,4.5509996,,0,12,gps,0.7,0.8,1.1,-84,,,,26,
2018-05-03T08:37:19.000Z,13.589791,80.032793,-72,4.5509996,,0,15,gps,0.7,0.7,1,-84,,,,26,
2018-05-03T08:37:22.000Z,13.589785,80.032811,-72,4.5509996,,0,13,gps,0.7,0.7,1,-84,,,,26,
2018-05-03T08:37:23.619Z,13.589707,80.032707,0,24.176,0,0,0,network,,,,,,,,26,
2018-05-03T08:37:26.000Z,13.589772,80.032844,-73,4.5509996,110.2,1.45,11,gps,0.7,0.8,1.1,-84,,,,26,
2018-05-03T08:37:29.000Z,13.589742,80.032906,-73,4.5509996,114.5,1.43,15,gps,0.7,0.7,1,-84,,,,26,
2018-05-03T08:37:32.000Z,13.589703,80.032941,-72,4.5509996,146,1.03,11,gps,0.7,0.7,1,-84,,,,26,
2018-05-03T08:37:35.000Z,13.589668,80.032974,-73,4.5509996,130,1.41,13,gps,0.7,0.8,1.1,-84,,,,26,
2018-05-03T08:37:38.000Z,13.589631,80.032997,-74,4.5509996,123.1,1.31,13,gps,0.7,0.8,1.1,-84,,,,26,
2018-05-03T08:37:41.712Z,13.589592,80.033044,-74,9.101999,134.1,1.38,4,gps,0.7,0.8,1.1,-84,,,,26,
2018-05-03T08:37:34.689Z,13.589623,80.032512,0,31.3,0,0,0,network,,,,,,,,26,
2018-05-03T08:37:43.827Z,13.589503,80.032933,0,25.965,0,0,0,network,,,,,,,,26,
2018-05-03T08:37:45.855Z,13.589554,80.033161,-73,9.101999,115.5,2.16,3,gps,0.8,0.8,1.2,-84,,,,26,
2018-05-03T08:37:54.000Z,13.589471,80.033326,-79,13.653,123.5,1.29,11,gps,0.8,0.8,1.2,-84,,,,26,
2018-05-03T08:37:57.000Z,13.589468,80.033339,-84,9.101999,71.3,1.19,15,gps,0.7,0.7,1,-84,,,,26,
2018-05-03T08:38:00.000Z,13.589474,80.033347,-86,9.101999,95.5,0.85,15,gps,0.7,0.7,1,-84,,,,26,
2018-05-03T08:38:03.000Z,13.589432,80.033369,-88,7.585,130.8,1.65,13,gps,0.7,0.7,1,-84,,,,26,
2018-05-03T08:38:06.000Z,13.589412,80.033405,-78,6.068,113,1.49,14,gps,0.7,0.8,1.1,-84,,,,26,
2018-05-03T08:38:09.000Z,13.589404,80.033404,-81,6.068,122.2,1.28,12,gps,0.7,0.8,1.1,-84,,,,26,
2018-05-03T08:38:12.000Z,13.589382,80.033436,-82,6.068,134.1,1.02,11,gps,0.7,0.8,1.1,-84,,,,26,
2018-05-03T08:38:15.000Z,13.589353,80.033457,-82,6.068,135,1.19,15,gps,0.7,0.8,1,-84,,,,26,
2018-05-03T08:38:18.000Z,13.589315,80.033483,-82,6.068,130.8,1.58,14,gps,0.7,0.8,1,-84,,,,26,
2018-05-03T08:38:21.000Z,13.589281,80.033504,-81,6.068,130.9,1.48,13,gps,0.7,0.8,1,-84,,,,26,
2018-05-03T08:38:24.000Z,13.589258,80.033538,-80,6.068,109.2,0.85,13,gps,0.7,0.8,1.1,-84,,,,26,
2018-05-03T08:38:27.000Z,13.589247,80.033573,-81,4.5509996,115.3,0.66,12,gps,0.7,0.8,1.1,-84,,,,26,
2018-05-03T08:38:30.000Z,13.589215,80.033595,-80,4.5509996,153.5,0.71,8,gps,0.7,0.8,1,-84,,,,26,
2018-05-03T08:38:33.000Z,13.589187,80.033599,-79,4.5509996,162.7,0.17,8,gps,0.7,0.8,1,-84,,,,26,
2018-05-03T08:38:36.000Z,13.589186,80.033597,-80,4.5509996,179.2,0.17,10,gps,0.7,0.8,1.1,-84,,,,26,
2018-05-03T08:38:38.715Z,13.589185,80.033598,-80,7.585,128.7,0.51,11,gps,0.7,0.8,1.1,-84,,,,26,
2018-05-03T08:38:40.025Z,13.589181,80.033603,-80,10.6189995,128.7,0.51,2,gps,0.8,0.8,1.1,-84,,,,26,
2018-05-03T08:38:43.406Z,13.589223,80.033606,-79,7.585,,0,11,gps,0.8,0.8,1.1,-84,,,,26,
2018-05-03T08:38:44.638Z,13.589271,80.033599,-79,7.585,,0,14,gps,0.7,0.8,1,-84,,,,26,
2018-05-03T08:38:45.851Z,13.589287,80.033594,-79,7.585,152.6,0.25,4,gps,0.7,0.8,1,-84,,,,26,
2018-05-03T08:38:47.181Z,13.589271,80.033599,-79,9.101999,,0,0,gps,0.7,0.8,1,-84,,,,26,
2018-05-03T08:38:57.000Z,13.589267,80.033592,-77,13.653,,0,2,gps,0.7,0.8,1,-84,,,,26,
2018-05-03T08:38:58.198Z,13.589258,80.033589,-79,10.6189995,,0,7,gps,0.9,0.8,1.2,-84,,,,26,
2018-05-03T08:39:01.000Z,13.589287,80.0336,-79,10.6189995,,0,12,gps,0.8,0.8,1.1,-84,,,,26,
2018-05-03T08:39:04.000Z,13.589268,80.033599,-79,6.068,,0,11,gps,0.7,0.7,1,-84,,,,26,
2018-05-03T08:39:07.000Z,13.589252,80.033596,-78,4.5509996,,0,12,gps,0.7,0.7,1,-84,,,,26,
2018-05-03T08:39:10.000Z,13.589248,80.03359,-78,4.5509996,,0,13,gps,0.7,0.7,1,-84,,,,26,
2018-05-03T08:39:13.000Z,13.589248,80.03359,-78,4.5509996,,0,13,gps,0.7,0.7,1,-84,,,,26,
2018-05-03T08:39:16.000Z,13.589248,80.033591,-78,4.5509996,,0,13,gps,0.7,0.8,1,-84,,,,26,
2018-05-03T08:39:19.000Z,13.589248,80.033591,-78,4.5509996,,0,4,gps,0.7,0.8,1,-84,,,,26,
2018-05-03T08:39:22.000Z,13.589248,80.033591,-78,4.5509996,,0,7,gps,0.7,0.7,1,-84,,,,26,
2018-05-03T08:39:25.000Z,13.589248,80.033591,-78,4.5509996,,0,5,gps,0.8,0.8,1.1,-84,,,,26,
2018-05-03T08:39:28.000Z,13.589248,80.033591,-78,4.5509996,,0,8,gps,0.7,0.8,1.1,-84,,,,26,
2018-05-03T08:39:31.000Z,13.589248,80.033591,-78,4.5509996,,0,10,gps,0.8,0.8,1.1,-84,,,,26,
2018-05-03T08:39:34.000Z,13.589248,80.033591,-78,4.5509996,,0,10,gps,0.8,0.8,1.1,-84,,,,26,
2018-05-03T08:39:37.000Z,13.589248,80.033591,-78,4.5509996,,0,8,gps,0.8,0.8,1.2,-84,,,,26,
2018-05-03T08:39:40.000Z,13.589248,80.033591,-78,4.5509996,,0,9,gps,0.8,0.8,1.2,-84,,,,26,
2018-05-03T08:39:43.000Z,13.589248,80.033591,-78,4.5509996,,0,15,gps,0.7,0.8,1,-84,,,,26,
2018-05-03T08:39:46.000Z,13.589246,80.033589,-79,4.5509996,,0,18,gps,0.7,0.7,1,-84,,,,26,
2018-05-03T08:39:49.000Z,13.589242,80.033592,-80,4.5509996,,0,15,gps,0.7,0.7,1,-84,,,,26,
2018-05-03T08:39:52.000Z,13.589224,80.033596,-80,4.5509996,,0,17,gps,0.7,0.7,1,-84,,,,26,
2018-05-03T08:39:55.000Z,13.589213,80.033599,-81,4.5509996,,0,17,gps,0.7,0.7,1,-84,,,,26,
2018-05-03T08:39:58.000Z,13.589208,80.033606,-80,4.5509996,,0,17,gps,0.7,0.7,1,-84,,,,26,
2018-05-03T08:40:01.000Z,13.589206,80.033623,-80,4.5509996,92.7,2.23,16,gps,0.7,0.7,1,-84,,,,26,
2018-05-03T08:40:04.000Z,13.589164,80.033712,-80,4.5509996,123.3,4.07,16,gps,0.7,0.7,1,-84,,,,26,
2018-05-03T08:40:07.000Z,13.589081,80.033859,-78,4.5509996,125.5,5.82,16,gps,0.7,0.7,1,-84,,,,26,
2018-05-03T08:40:10.000Z,13.588975,80.033998,-78,4.5509996,130.2,6.34,15,gps,0.7,0.7,1,-84,,,,26,
2018-05-03T08:40:13.000Z,13.588871,80.034126,-79,4.5509996,130.2,4.88,17,gps,0.7,0.7,1,-84,,,,26,
2018-05-03T08:40:16.000Z,13.588823,80.034209,-78,4.5509996,119.7,2.48,14,gps,0.7,0.7,1,-84,,,,26,
2018-05-03T08:40:19.000Z,13.588806,80.03424,-79,4.5509996,129.9,1.17,14,gps,0.7,0.7,1,-84,,,,26,
2018-05-03T08:40:22.000Z,13.588745,80.034302,-80,4.5509996,139.4,4.04,14,gps,0.7,0.7,1,-84,,,,26,
2018-05-03T08:40:25.000Z,13.588665,80.034356,-79,4.5509996,146.2,2.77,16,gps,0.7,0.7,1,-84,,,,26,
2018-05-03T08:40:28.000Z,13.588637,80.03438,-79,4.5509996,139.8,1.45,18,gps,0.7,0.7,1,-84,,,,26,
2018-05-03T08:40:29.673Z,13.588601,80.034403,-78,4.5509996,149.3,3.54,10,gps,0.7,0.7,1,-84,,,,26,
2018-05-03T08:40:30.913Z,13.588557,80.034432,-78,4.5509996,143.9,4.58,14,gps,0.7,0.7,1,-84,,,,26,
2018-05-03T08:40:32.122Z,13.588518,80.034467,-78,4.5509996,141.6,5.23,13,gps,0.7,0.7,1,-84,,,,26,
2018-05-03T08:40:33.338Z,13.58846,80.034506,-78,4.5509996,142,6.03,11,gps,0.7,0.7,1,-84,,,,26,
2018-05-03T08:40:34.513Z,13.588404,80.034545,-78,4.5509996,142.9,6.57,11,gps,0.7,0.7,1,-84,,,,26,
2018-05-03T08:40:35.675Z,13.588338,80.034596,-77,4.5509996,142.7,7.05,11,gps,0.7,0.7,1,-84,,,,26,
2018-05-03T08:40:36.879Z,13.588282,80.034636,-77,4.5509996,141.6,7.41,11,gps,0.7,0.7,1,-84,,,,26,
2018-05-03T08:40:38.130Z,13.588213,80.034682,-78,4.5509996,142.8,7.91,15,gps,0.7,0.7,1,-84,,,,26,
2018-05-03T08:40:39.390Z,13.588154,80.034729,-79,4.5509996,141.1,6.77,14,gps,0.7,0.7,1,-84,,,,26,
2018-05-03T08:40:40.571Z,13.588098,80.034771,-78,4.5509996,141.7,5.72,14,gps,0.7,0.7,1,-84,,,,26,
2018-05-03T08:40:41.746Z,13.588044,80.034812,-78,4.5509996,140.1,5.61,11,gps,0.7,0.7,1,-84,,,,26,
2018-05-03T08:40:43.227Z,13.588783,80.034016,0,27.419,0,0,0,network,,,,,,,,26,
2018-05-03T08:40:46.000Z,13.587854,80.034927,-80,4.5509996,144.7,7.23,17,gps,0.7,0.7,1,-84,,,,26,
2018-05-03T08:40:49.000Z,13.587672,80.035068,-80,4.5509996,142.9,8.18,17,gps,0.7,0.7,1,-84,,,,26,
2018-05-03T08:40:52.000Z,13.587473,80.035212,-80,4.5509996,146,9.08,19,gps,0.7,0.7,1,-84,,,,26,
2018-05-03T08:40:55.000Z,13.587251,80.035365,-79,4.5509996,146.5,9.96,18,gps,0.7,0.7,1,-84,,,,26,
2018-05-03T08:40:58.000Z,13.587022,80.035528,-79,4.5509996,146.4,10.22,17,gps,0.7,0.7,1,-84,,,,26,
2018-05-03T08:41:01.000Z,13.586774,80.035689,-78,4.5509996,147.2,10.78,17,gps,0.7,0.7,1,-84,,,,26,
2018-05-03T08:41:04.000Z,13.58653,80.035855,-78,4.5509996,146.2,10.53,16,gps,0.7,0.7,1,-84,,,,26,
2018-05-03T08:41:05.226Z,13.587238,80.035164,0,28.391,0,0,0,network,,,,,,,,25,
2018-05-03T08:41:06.358Z,13.586372,80.035981,-77,4.5509996,142.2,7.71,11,gps,0.7,0.7,1,-84,,,,25,
2018-05-03T08:41:07.571Z,13.586316,80.036026,-77,4.5509996,145.2,5.89,11,gps,0.7,0.7,1,-84,,,,25,
2018-05-03T08:41:08.806Z,13.58626,80.036071,-78,4.5509996,145.1,6.39,11,gps,0.7,0.7,1,-84,,,,25,
2018-05-03T08:41:09.998Z,13.586199,80.036117,-77,4.5509996,145.1,6.71,10,gps,0.7,0.7,1,-84,,,,25,
2018-05-03T08:41:11.250Z,13.586132,80.036168,-77,4.5509996,144.5,7.15,10,gps,0.9,0.8,1.2,-84,,,,25,
2018-05-03T08:41:12.498Z,13.586063,80.036228,-77,4.5509996,141.3,7.85,10,gps,0.9,0.8,1.2,-84,,,,25,
2018-05-03T08:41:13.803Z,13.585981,80.036297,-76,6.068,142.1,8.49,11,gps,0.8,0.8,1.1,-84,,,,25,
2018-05-03T08:41:15.126Z,13.585902,80.036361,-77,4.5509996,142.7,7.76,11,gps,0.8,0.8,1.1,-84,,,,25,
2018-05-03T08:41:16.680Z,13.585817,80.036426,-77,6.068,140.5,8.02,8,gps,0.8,0.8,1.1,-84,,,,25,
2018-05-03T08:41:17.908Z,13.585734,80.036492,-77,6.068,138.9,8.88,8,gps,0.8,0.8,1.1,-84,,,,25,
2018-05-03T08:41:19.110Z,13.58565,80.036569,-77,4.5509996,139.5,9.44,10,gps,0.8,0.8,1.1,-84,,,,25,
2018-05-03T08:41:20.525Z,13.585568,80.036642,-76,4.5509996,141.6,9.78,10,gps,0.9,0.8,1.2,-84,,,,25,
2018-05-03T08:41:21.945Z,13.585474,80.036725,-75,4.5509996,141.7,9.46,12,gps,0.8,0.8,1.1,-84,,,,25,
2018-05-03T08:41:23.162Z,13.585401,80.036794,-75,4.5509996,141.2,9.34,10,gps,0.8,0.8,1.1,-84,,,,25,
2018-05-03T08:41:24.370Z,13.585318,80.036852,-74,4.5509996,142.6,9.15,10,gps,0.8,0.8,1.1,-84,,,,25,
2018-05-03T08:41:16.686Z,13.58705,80.035317,0,39.044,0,0,0,network,,,,,,,,25,
2018-05-03T08:41:26.808Z,13.585124,80.037002,-73,4.5509996,144.1,10.16,10,gps,0.8,0.8,1.1,-84,,,,25,
2018-05-03T08:41:28.037Z,13.585031,80.037065,-73,6.068,147.4,10.28,11,gps,0.8,0.8,1.1,-84,,,,25,
2018-05-03T08:41:29.255Z,13.584941,80.037122,-72,4.5509996,143,10.65,9,gps,0.8,0.8,1.1,-84,,,,25,
2018-05-03T08:41:30.494Z,13.584838,80.037239,-73,4.5509996,141,11.03,11,gps,0.8,0.8,1.2,-84,,,,25,
2018-05-03T08:41:31.745Z,13.584747,80.037324,-74,4.5509996,140.7,11.09,11,gps,0.7,0.7,1,-84,,,,25,
2018-05-03T08:41:32.970Z,13.584653,80.037386,-74,4.5509996,143,11.26,11,gps,0.7,0.7,1,-84,,,,25,
2018-05-03T08:41:34.216Z,13.58455,80.037468,-75,4.5509996,141.8,11.67,11,gps,0.7,0.7,1,-84,,,,25,
2018-05-03T08:41:35.708Z,13.584419,80.03758,-76,4.5509996,141.6,12.06,9,gps,0.7,0.7,1,-84,,,,25,
2018-05-03T08:41:36.927Z,13.584323,80.037659,-76,4.5509996,142.3,12.26,9,gps,0.8,0.8,1.2,-84,,,,25,
2018-05-03T08:41:38.150Z,13.584211,80.037753,-76,4.5509996,141,12.41,9,gps,0.8,0.8,1.1,-84,,,,25,
2018-05-03T08:41:39.409Z,13.584101,80.037838,-77,4.5509996,142.5,12.1,9,gps,0.8,0.8,1.1,-84,,,,25,
2018-05-03T08:41:40.679Z,13.583993,80.037917,-77,4.5509996,143.3,11,7,gps,0.8,0.8,1.1,-84,,,,25,
2018-05-03T08:41:41.903Z,13.583906,80.037976,-77,4.5509996,143.8,10.56,8,gps,0.8,0.8,1.1,-84,,,,25,
2018-05-03T08:41:43.132Z,13.583816,80.038049,-77,4.5509996,141.8,10.83,9,gps,0.7,0.8,1.1,-84,,,,25,
2018-05-03T08:41:44.376Z,13.583723,80.038134,-77,4.5509996,142.2,11.08,12,gps,0.7,0.8,1.1,-84,,,,25,
2018-05-03T08:41:45.675Z,13.583624,80.038221,-77,4.5509996,140.1,11.27,11,gps,0.7,0.8,1.1,-84,,,,25,
2018-05-03T08:41:46.910Z,13.583523,80.038304,-77,4.5509996,141.7,11.31,10,gps,0.7,0.8,1.1,-84,,,,25,
2018-05-03T08:41:48.135Z,13.583412,80.038375,-78,4.5509996,141.7,11.22,8,gps,0.7,0.7,1,-84,,,,25,
2018-05-03T08:41:49.352Z,13.583322,80.03846,-77,4.5509996,140.2,11.16,8,gps,0.7,0.7,1,-84,,,,25,
2018-05-03T08:41:50.581Z,13.583229,80.038537,-78,4.5509996,141.8,11.26,9,gps,0.7,0.7,1,-84,,,,25,
2018-05-03T08:41:51.839Z,13.583122,80.038615,-78,4.5509996,142.7,11.22,9,gps,0.7,0.7,1,-84,,,,25,
2018-05-03T08:41:53.064Z,13.583033,80.03869,-78,4.5509996,142.4,11.1,9,gps,0.7,0.8,1.1,-84,,,,25,
2018-05-03T08:41:54.306Z,13.582934,80.038782,-77,4.5509996,141.4,11.22,9,gps,0.7,0.8,1.1,-84,,,,25,
2018-05-03T08:41:55.783Z,13.582813,80.038879,-76,4.5509996,141.2,11.46,12,gps,0.7,0.8,1.1,-84,,,,25,
2018-05-03T08:41:57.009Z,13.582712,80.038964,-75,4.5509996,142.6,11.72,12,gps,0.7,0.7,1,-84,,,,25,
2018-05-03T08:41:58.253Z,13.582605,80.039047,-75,4.5509996,141.5,11.51,11,gps,0.7,0.7,1,-84,,,,25,
2018-05-03T08:41:59.505Z,13.582493,80.039139,-74,4.5509996,140.9,12.03,11,gps,0.7,0.7,1,-84,,,,25,
2018-05-03T08:42:00.732Z,13.582379,80.039226,-73,4.5509996,143.2,11.98,8,gps,0.7,0.7,1,-84,,,,25,
2018-05-03T08:42:01.952Z,13.582278,80.03932,-73,4.5509996,141.6,12.08,6,gps,0.7,0.7,1,-84,,,,25,
2018-05-03T08:42:03.191Z,13.582174,80.039397,-73,6.068,142.8,12.27,6,gps,0.8,0.8,1.1,-84,,,,25,
2018-05-03T08:42:04.407Z,13.582066,80.039481,-77,6.068,142.4,12.46,8,gps,0.8,0.8,1.1,-84,,,,25,
2018-05-03T08:42:05.680Z,13.581951,80.039582,-76,6.068,141.4,12.75,8,gps,0.8,0.8,1.1,-84,,,,25,
2018-05-03T08:42:06.922Z,13.581831,80.039677,-77,6.068,141.9,12.96,11,gps,0.8,0.8,1.1,-84,,,,25,
2018-05-03T08:42:08.161Z,13.581719,80.039773,-77,4.5509996,142.3,12.86,11,gps,0.8,0.8,1.1,-84,,,,25,
2018-05-03T08:42:09.457Z,13.581613,80.039865,-76,4.5509996,142.8,12.73,10,gps,0.8,0.8,1.1,-84,,,,25,
2018-05-03T08:42:10.801Z,13.581489,80.039954,-74,4.5509996,142.8,12.98,11,gps,0.8,0.8,1.1,-84,,,,25,
2018-05-03T08:42:12.029Z,13.58137,80.040029,-75,4.5509996,142.2,13.16,15,gps,0.8,0.8,1.1,-84,,,,25,
2018-05-03T08:42:13.263Z,13.581255,80.040123,-75,4.5509996,141.6,12.35,15,gps,0.7,0.7,1,-84,,,,25,
2018-05-03T08:42:14.481Z,13.581154,80.040198,-75,4.5509996,142.5,11.35,12,gps,0.7,0.7,1,-84,,,,25,
2018-05-03T08:42:15.728Z,13.581061,80.040252,-75,4.5509996,142.6,10.22,14,gps,0.7,0.7,1,-84,,,,25,
2018-05-03T08:42:16.980Z,13.580954,80.040325,-76,4.5509996,141.3,9.75,14,gps,0.7,0.7,1,-84,,,,25,
2018-05-03T08:42:18.267Z,13.580876,80.04039,-76,4.5509996,141.1,8.78,13,gps,0.7,0.7,1,-84,,,,25,
2018-05-03T08:42:19.491Z,13.580807,80.04045,-77,4.5509996,141.3,7.63,14,gps,0.7,0.7,1,-84,,,,25,
2018-05-03T08:42:20.744Z,13.580738,80.040497,-77,4.5509996,143.2,6.53,15,gps,0.7,0.7,1,-84,,,,25,
2018-05-03T08:42:21.977Z,13.580685,80.040524,-78,4.5509996,157.5,5.97,15,gps,0.7,0.7,1,-84,,,,25,
2018-05-03T08:42:23.213Z,13.580621,80.040543,-78,4.5509996,173.3,5.68,7,gps,0.7,0.7,1,-84,,,,25,
2018-05-03T08:42:24.442Z,13.58055,80.04055,-78,4.5509996,187.2,6,9,gps,0.7,0.7,1,-84,,,,25,
2018-05-03T08:42:25.669Z,13.580479,80.040529,-78,4.5509996,198.1,6.55,5,gps,0.7,0.7,1,-84,,,,25,
2018-05-03T08:42:26.922Z,13.580411,80.040508,-79,4.5509996,194.6,5.92,9,gps,0.7,0.7,1,-84,,,,25,
2018-05-03T08:42:28.158Z,13.580338,80.040514,-79,4.5509996,173.7,6.32,8,gps,0.9,0.8,1.2,-84,,,,25,
2018-05-03T08:42:29.379Z,13.58027,80.040525,-79,6.068,170.3,6.23,7,gps,0.8,0.8,1.2,-84,,,,25,
2018-05-03T08:42:30.614Z,13.580201,80.040537,-79,7.585,170.3,6.23,2,gps,0.8,0.9,1.2,-84,,,,25,
2018-05-03T08:42:32.055Z,13.580151,80.04052,-80,10.6189995,185,5.06,1,gps,0.8,0.9,1.2,-84,,,,25,
2018-05-03T08:42:33.266Z,13.580124,80.040505,-80,10.6189995,193.5,3.87,3,gps,0.9,0.9,1.3,-84,,,,25,
2018-05-03T08:42:34.450Z,13.580084,80.040495,-79,13.653,193.5,3.87,3,gps,1.1,0.9,1.4,-84,,,,25,
2018-05-03T08:42:37.000Z,13.580105,80.040493,-79,12.136,187.1,0.69,1,gps,1.5,1,1.8,-84,,,,25,
2018-05-03T08:42:40.000Z,13.580138,80.040482,-80,7.585,155.7,0.23,8,gps,1.1,0.9,1.4,-84,,,,25,
2018-05-03T08:42:43.000Z,13.580174,80.040472,-82,7.585,,0,11,gps,0.9,0.8,1.2,-84,,,,25,
2018-05-03T08:42:49.397Z,13.58018,80.040465,-81,13.653,,0,8,gps,0.9,0.8,1.2,-84,,,,25,
2018-05-03T08:42:50.641Z,13.580181,80.040461,-81,13.653,,0,8,gps,1.2,0.9,1.5,-84,,,,25,
2018-05-03T08:42:51.856Z,13.580181,80.040461,-81,12.136,,0,2,gps,1.2,0.9,1.5,-84,,,,25,
2018-05-03T08:42:53.154Z,13.580181,80.040461,-81,12.136,,0,2,gps,1.2,0.9,1.5,-84,,,,25,
2018-05-03T08:42:54.437Z,13.580181,80.040461,-82,10.6189995,,0,4,gps,1.2,0.9,1.5,-84,,,,25,
2018-05-03T08:42:57.000Z,13.580183,80.040462,-82,12.136,,0,1,gps,1.2,0.9,1.5,-84,,,,25,
2018-05-03T08:43:00.000Z,13.580165,80.040469,-81,6.068,,0,12,gps,1.1,0.9,1.4,-84,,,,25,
2018-05-03T08:43:03.000Z,13.580123,80.040476,-81,6.068,,0,12,gps,0.8,0.8,1.1,-84,,,,25,
2018-05-03T08:43:06.000Z,13.580118,80.040478,-81,6.068,,0,8,gps,0.8,0.8,1.1,-84,,,,25,
2018-05-03T08:43:09.000Z,13.580133,80.040477,-81,4.5509996,,0,8,gps,0.8,0.7,1.1,-84,,,,25,
2018-05-03T08:43:12.000Z,13.580141,80.040477,-81,4.5509996,,0,9,gps,1,0.8,1.3,-84,,,,25,
2018-05-03T08:43:15.000Z,13.580143,80.040477,-81,4.5509996,,0,7,gps,1,0.8,1.3,-84,,,,25,
2018-05-03T08:43:18.000Z,13.580145,80.04048,-81,4.5509996,,0,10,gps,0.7,0.7,1,-84,,,,25,
2018-05-03T08:43:21.000Z,13.580146,80.040482,-81,4.5509996,,0,12,gps,0.7,0.7,1,-84,,,,25,
2018-05-03T08:43:24.000Z,13.580147,80.040483,-82,4.5509996,,0,6,gps,0.8,0.8,1.1,-84,,,,25,
2018-05-03T08:43:27.000Z,13.580148,80.040485,-82,6.068,,0,8,gps,0.8,0.9,1.2,-84,,,,25,
2018-05-03T08:43:30.000Z,13.580148,80.040485,-82,6.068,,0,9,gps,0.9,0.9,1.3,-84,,,,25,
2018-05-03T08:43:33.000Z,13.580148,80.040485,-82,9.101999,,0,7,gps,1.1,0.9,1.4,-84,,,,25,
2018-05-03T08:43:39.000Z,13.580148,80.040485,-82,13.653,,0,1,gps,1.3,0.9,1.6,-84,,,,25,
2018-05-03T08:43:41.000Z,13.580148,80.040485,-82,12.136,,0,8,gps,4.7,1,4.8,-84,,,,25,
2018-05-03T08:43:50.000Z,13.580148,80.040485,-79,36.407997,,0,6,gps,2.1,1,2.3,-84,,,,25,
2018-05-03T08:43:53.000Z,13.580149,80.040486,-80,25.789,,0,7,gps,1.3,1,1.6,-84,,,,25,
2018-05-03T08:43:55.000Z,13.580149,80.040487,-81,19.720999,,0,2,gps,1,0.9,1.4,-84,,,,25,
2018-05-03T08:43:57.000Z,13.580149,80.040486,-81,13.653,,0,5,gps,1,0.9,1.4,-84,,,,25,
2018-05-03T08:44:00.000Z,13.580149,80.040486,-81,15.17,,0,5,gps,4.7,1,4.8,-84,,,,25,
2018-05-03T08:44:02.000Z,13.580149,80.040486,-82,10.6189995,,0,3,gps,1,0.9,1.4,-84,,,,25,
2018-05-03T08:44:05.000Z,13.580104,80.040495,-83,4.5509996,166.7,2.77,9,gps,0.9,0.9,1.2,-84,,,,25,
2018-05-03T08:44:08.000Z,13.579998,80.040625,-83,4.5509996,118.8,5.24,7,gps,0.8,0.8,1.1,-84,,,,25,
2018-05-03T08:44:11.000Z,13.579954,80.040785,-81,4.5509996,95.1,5.8,12,gps,0.8,0.8,1.1,-84,,,,25,
2018-05-03T08:44:14.000Z,13.579965,80.040889,-81,4.5509996,84.3,4.82,9,gps,0.8,0.8,1.2,-84,,,,25,
2018-05-03T08:44:17.000Z,13.579964,80.041035,-81,4.5509996,86,4.78,13,gps,0.8,0.8,1.2,-84,,,,25,
2018-05-03T08:44:18.120Z,13.579954,80.041078,-81,4.5509996,98.7,4.4,3,gps,0.8,0.8,1.2,-84,,,,25,
2018-05-03T08:44:19.633Z,13.579936,80.041131,-81,6.068,106.8,4.05,3,gps,0.8,0.8,1.2,-84,,,,25,
2018-05-03T08:44:20.844Z,13.579934,80.041164,-81,6.068,109.1,3.1,2,gps,0.8,0.8,1.2,-84,,,,25,
2018-05-03T08:44:22.218Z,13.579922,80.041201,-80,6.068,109.1,3.1,1,gps,0.8,0.8,1.2,-84,,,,25,
2018-05-03T08:44:23.497Z,13.579914,80.041227,-80,9.101999,109.9,2.76,1,gps,0.8,0.8,1.2,-84,,,,25,
2018-05-03T08:44:25.596Z,13.579896,80.041277,-80,12.136,109.9,2.75,2,gps,1.5,1,1.8,-84,,,,25,
2018-05-03T08:44:26.811Z,13.579834,80.041309,-80,12.136,133.4,3.37,1,gps,1.4,1,1.7,-84,,,,25,
2018-05-03T08:44:28.049Z,13.579814,80.041332,-81,13.653,124.8,2.63,3,gps,1.4,1,1.7,-84,,,,25,
2018-05-03T08:44:31.000Z,13.579742,80.041388,-81,13.653,150.5,4.55,6,gps,1.5,1,1.8,-84,,,,25,
2018-05-03T08:44:36.000Z,13.57946,80.041648,-82,18.203999,139.1,7.47,6,gps,1.3,0.9,1.6,-84,,,,25,
2018-05-03T08:44:38.000Z,13.579387,80.041642,-80,22.755,139.8,8.38,6,gps,1.1,0.9,1.4,-84,,,,25,
2018-05-03T08:44:41.000Z,13.579156,80.041917,-82,25.789,138.9,8.87,6,gps,1.9,0.9,2.1,-84,,,,25,
2018-05-03T08:44:44.000Z,13.578913,80.042044,-82,25.789,144.6,10.29,8,gps,1.9,0.9,2.1,-84,,,,25,
2018-05-03T08:44:46.000Z,13.578755,80.042157,-82,22.755,144.8,10.52,0,gps,1.5,0.9,1.7,-84,,,,25,
2018-05-03T08:44:50.000Z,13.578394,80.042426,-82,18.203999,143.8,11.18,7,gps,1.5,0.9,1.7,-84,,,,25,
2018-05-03T08:44:52.000Z,13.578149,80.04251,-86,15.17,144.5,11.62,3,gps,1.6,0.9,1.8,-84,,,,25,
2018-05-03T08:44:54.000Z,13.578014,80.042666,-82,15.17,142.6,11.55,12,gps,1,0.8,1.3,-84,,,,25,
2018-05-03T08:44:57.000Z,13.577776,80.042885,-82,4.5509996,141.6,11.9,17,gps,0.7,0.7,1,-84,,,,25,
2018-05-03T08:44:59.000Z,13.577601,80.043022,-81,4.5509996,142.9,12.17,17,gps,0.7,0.7,1,-84,,,,25,
2018-05-03T08:45:00.570Z,13.577459,80.043127,-79,4.5509996,142.2,12.25,13,gps,0.7,0.7,1,-84,,,,25,
2018-05-03T08:45:01.772Z,13.577352,80.043215,-79,4.5509996,141.9,12.52,13,gps,0.7,0.7,1,-84,,,,25,
2018-05-03T08:45:03.108Z,13.57723,80.043315,-78,4.5509996,141.3,12.46,14,gps,0.7,0.7,1,-84,,,,25,
2018-05-03T08:45:04.332Z,13.577124,80.043397,-78,4.5509996,142.1,11.68,13,gps,0.7,0.7,1,-84,,,,25,
2018-05-03T08:45:05.544Z,13.577026,80.043468,-78,4.5509996,142.3,10.92,13,gps,0.7,0.7,1,-84,,,,25,
2018-05-03T08:45:06.771Z,13.57694,80.043541,-78,4.5509996,141.1,9.9,12,gps,0.7,0.7,1,-84,,,,25,
2018-05-03T08:45:07.982Z,13.576865,80.043604,-77,4.5509996,142.7,8.53,11,gps,0.7,0.7,1,-84,,,,25,
2018-05-03T08:45:09.195Z,13.576801,80.043665,-77,4.5509996,142.2,7.41,13,gps,0.8,0.8,1.1,-84,,,,25,
2018-05-03T08:45:10.400Z,13.57674,80.043707,-78,4.5509996,142.6,6.46,13,gps,0.8,0.8,1.1,-84,,,,25,
2018-05-03T08:45:11.614Z,13.576682,80.043745,-78,4.5509996,138,5.42,13,gps,0.7,0.7,1,-84,,,,25,
2018-05-03T08:45:12.902Z,13.576654,80.043773,-78,4.5509996,146,3.27,15,gps,0.7,0.7,1,-84,,,,25,
2018-05-03T08:45:14.132Z,13.576629,80.043794,-77,4.5509996,143.5,2.88,14,gps,0.7,0.7,1,-84,,,,25,
2018-05-03T08:45:15.344Z,13.576601,80.043813,-77,4.5509996,141.6,2.24,13,gps,0.7,0.7,1,-84,,,,25,
2018-05-03T08:45:16.573Z,13.576579,80.04383,-76,4.5509996,148.3,2.31,13,gps,0.7,0.7,1,-84,,,,25,
2018-05-03T08:45:17.773Z,13.57655,80.043845,-76,4.5509996,159,3.14,12,gps,0.8,0.8,1.1,-84,,,,25,
2018-05-03T08:45:19.000Z,13.576509,80.043861,-76,4.5509996,158.1,3.41,12,gps,0.8,0.8,1.1,-84,,,,25,
2018-05-03T08:45:20.106Z,13.576472,80.043867,-77,4.5509996,183.1,4.58,18,gps,0.7,0.7,1,-84,,,,25,
2018-05-03T08:45:21.329Z,13.576407,80.043845,-77,4.5509996,193.7,5.23,15,gps,0.7,0.7,1,-84,,,,25,
2018-05-03T08:45:22.566Z,13.576352,80.043819,-77,4.5509996,212.8,5.63,13,gps,0.7,0.7,1,-84,,,,25,
2018-05-03T08:45:23.784Z,13.576305,80.043774,-76,4.5509996,226,6.16,10,gps,0.7,0.7,1,-84,,,,25,
2018-05-03T08:45:25.021Z,13.576269,80.043704,-77,4.5509996,232.5,6.69,10,gps,0.7,0.7,1,-84,,,,25,
2018-05-03T08:45:26.248Z,13.576219,80.043636,-78,4.5509996,232.9,7.31,14,gps,0.7,0.7,1,-84,,,,25,
2018-05-03T08:45:27.459Z,13.576169,80.043563,-78,4.5509996,231.8,7.66,9,gps,0.7,0.7,1,-84,,,,25,
2018-05-03T08:45:28.706Z,13.57611,80.043494,-78,4.5509996,233.7,8.19,10,gps,0.7,0.7,1,-84,,,,25,
2018-05-03T08:45:29.920Z,13.576054,80.043428,-78,4.5509996,230.7,8.17,10,gps,0.7,0.7,1,-84,,,,25,
2018-05-03T08:45:31.116Z,13.575998,80.043354,-77,4.5509996,230.5,8.56,12,gps,0.7,0.7,1,-84,,,,25,
2018-05-03T08:45:32.582Z,13.575919,80.043252,-76,4.5509996,230.3,9,12,gps,0.7,0.7,1,-84,,,,25,
2018-05-03T08:45:33.781Z,13.57586,80.043183,-76,4.5509996,232.2,9.05,12,gps,0.7,0.7,1,-84,,,,25,
2018-05-03T08:45:35.003Z,13.575792,80.043111,-75,4.5509996,231.6,9.46,11,gps,0.8,0.8,1.1,-84,,,,25,
2018-05-03T08:45:36.219Z,13.575725,80.043038,-74,4.5509996,230.6,9.04,11,gps,0.8,0.8,1.1,-84,,,,25,
2018-05-03T08:45:37.241Z,13.575521,80.042636,0,36.9,0,0,0,network,,,,,,,,25,
2018-05-03T08:45:38.621Z,13.575648,80.042909,-77,4.5509996,233.2,6.38,14,gps,0.8,0.8,1.1,-84,,,,25,
2018-05-03T08:45:39.829Z,13.575603,80.042851,-76,4.5509996,235.2,5.24,14,gps,0.8,0.8,1.1,-84,,,,25,
2018-05-03T08:45:41.052Z,13.575566,80.042819,-75,4.5509996,233.6,3.3,10,gps,0.8,0.8,1.1,-84,,,,25,
2018-05-03T08:45:42.262Z,13.575562,80.042781,-75,4.5509996,235.4,1.8,13,gps,0.7,0.7,1,-84,,,,25,
2018-05-03T08:45:43.480Z,13.575549,80.042761,-76,4.5509996,229.4,1.38,13,gps,0.7,0.7,1,-84,,,,25,
2018-05-03T08:45:44.709Z,13.57553,80.042743,-76,4.5509996,229.9,2.11,12,gps,0.7,0.7,1,-84,,,,24,
2018-05-03T08:45:45.905Z,13.575511,80.042714,-77,4.5509996,230,3.39,12,gps,0.7,0.7,1,-84,,,,24,
2018-05-03T08:45:38.266Z,13.575521,80.042636,0,28.1,0,0,0,network,,,,,,,,24,
2018-05-03T08:45:47.094Z,13.575521,80.042636,0,20.9,0,0,0,network,,,,,,,,24,
2018-05-03T08:45:48.554Z,13.575437,80.04263,-76,4.5509996,227.8,4.75,13,gps,0.7,0.7,1,-84,,,,24,
2018-05-03T08:45:49.757Z,13.575404,80.042584,-76,4.5509996,231.3,4.89,12,gps,0.7,0.7,1,-84,,,,24,
2018-05-03T08:45:50.981Z,13.575381,80.042541,-75,4.5509996,235.4,3.94,12,gps,0.7,0.7,1,-84,,,,24,
2018-05-03T08:45:52.200Z,13.575359,80.042505,-75,4.5509996,236,2.92,14,gps,0.7,0.7,1,-84,,,,24,
2018-05-03T08:45:53.442Z,13.57534,80.04248,-74,4.5509996,234.8,3.11,14,gps,0.7,0.7,1,-84,,,,24,
2018-05-03T08:45:54.685Z,13.575297,80.042448,-74,4.5509996,231.6,4.12,11,gps,0.7,0.7,1,-84,,,,24,
2018-05-03T08:45:55.949Z,13.575266,80.042406,-74,4.5509996,230.9,4.3,11,gps,0.7,0.7,1,-84,,,,24,
2018-05-03T08:45:57.146Z,13.575239,80.042361,-74,4.5509996,234.2,5.26,11,gps,0.7,0.7,1,-84,,,,24,
2018-05-03T08:45:58.378Z,13.575197,80.042306,-75,4.5509996,231.5,6.12,9,gps,0.7,0.7,1,-84,,,,24,
2018-05-03T08:45:59.589Z,13.575153,80.042255,-75,4.5509996,228.8,6.58,11,gps,0.8,0.8,1.1,-84,,,,24,
2018-05-03T08:46:00.793Z,13.575115,80.042191,-74,4.5509996,233.1,7.08,12,gps,0.8,0.8,1.1,-84,,,,24,
2018-05-03T08:46:02.025Z,13.575059,80.042133,-74,4.5509996,231.6,7.44,12,gps,0.8,0.8,1.1,-84,,,,24,
2018-05-03T08:46:03.241Z,13.574992,80.042066,-75,4.5509996,230.8,8.09,12,gps,0.8,0.8,1.1,-84,,,,24,
2018-05-03T08:46:04.458Z,13.574933,80.041997,-75,4.5509996,231.6,8.02,11,gps,0.8,0.8,1.1,-84,,,,24,
2018-05-03T08:46:05.687Z,13.574873,80.041931,-76,4.5509996,229.9,8.29,13,gps,0.8,0.8,1.1,-84,,,,24,
2018-05-03T08:45:58.383Z,13.575521,80.042636,0,32.1,0,0,0,network,,,,,,,,24,
2018-05-03T08:46:08.046Z,13.574754,80.041801,-76,4.5509996,230.2,8.68,11,gps,0.7,0.7,1,-84,,,,24,
2018-05-03T08:46:09.414Z,13.574668,80.041689,-77,4.5509996,232.4,9.39,11,gps,0.7,0.7,1,-84,,,,24,
2018-05-03T08:46:10.632Z,13.574599,80.041599,-77,4.5509996,231.9,9.83,10,gps,0.7,0.7,1,-84,,,,24,
2018-05-03T08:46:11.852Z,13.574526,80.041515,-77,4.5509996,230.5,9.87,11,gps,0.7,0.8,1.1,-84,,,,24,
2018-05-03T08:46:13.075Z,13.574458,80.041432,-77,4.5509996,231,10.1,11,gps,0.8,0.8,1.1,-84,,,,24,
2018-05-03T08:46:14.279Z,13.574393,80.041346,-77,4.5509996,231.4,10.4,14,gps,0.8,0.8,1.1,-84,,,,24,
2018-05-03T08:46:15.508Z,13.574317,80.041255,-76,4.5509996,230.7,10.62,14,gps,0.8,0.8,1.1,-84,,,,24,
2018-05-03T08:46:16.724Z,13.574242,80.04116,-76,4.5509996,231,10.87,11,gps,0.8,0.8,1.1,-84,,,,24,
2018-05-03T08:46:17.924Z,13.574169,80.041054,-76,4.5509996,230.9,11.34,13,gps,0.8,0.8,1.1,-84,,,,24,
2018-05-03T08:46:19.133Z,13.574093,80.040955,-76,4.5509996,231.8,11.43,13,gps,0.8,0.8,1.1,-84,,,,24,
2018-05-03T08:46:20.347Z,13.574018,80.040852,-75,4.5509996,231.3,11.48,13,gps,0.8,0.8,1.1,-84,,,,24,
2018-05-03T08:46:21.563Z,13.573931,80.040747,-75,4.5509996,232.2,11.79,12,gps,0.8,0.8,1.1,-84,,,,24,
2018-05-03T08:46:22.766Z,13.573857,80.040656,-75,4.5509996,231.1,11.81,13,gps,0.8,0.8,1.1,-84,,,,24,
2018-05-03T08:46:23.967Z,13.573774,80.040541,-76,4.5509996,232.5,12.03,13,gps,0.8,0.8,1.1,-84,,,,24,
2018-05-03T08:46:25.166Z,13.573695,80.040445,-76,4.5509996,231.7,11.99,13,gps,0.8,0.8,1.1,-84,,,,24,
2018-05-03T08:46:26.379Z,13.573608,80.040339,-76,4.5509996,231.3,12.3,13,gps,0.8,0.8,1.1,-84,,,,24,
2018-05-03T08:46:27.594Z,13.573521,80.040234,-77,4.5509996,230.2,12.09,11,gps,0.8,0.8,1.1,-84,,,,24,
2018-05-03T08:46:28.822Z,13.573439,80.04013,-76,4.5509996,230.8,12.33,12,gps,0.8,0.8,1.1,-84,,,,24,
2018-05-03T08:46:30.034Z,13.573343,80.04002,-77,4.5509996,230.4,12.48,12,gps,0.8,0.8,1.1,-84,,,,24,
2018-05-03T08:46:31.256Z,13.573268,80.039917,-77,4.5509996,229.7,11.84,13,gps,0.8,0.8,1.1,-84,,,,24,
2018-05-03T08:46:32.480Z,13.573183,80.039813,-77,4.5509996,229.6,12.05,11,gps,0.8,0.8,1.1,-84,,,,24,
2018-05-03T08:46:33.705Z,13.573097,80.039708,-78,4.5509996,231.2,12.17,10,gps,0.8,0.8,1.1,-84,,,,24,
2018-05-03T08:46:34.964Z,13.573006,80.039592,-79,4.5509996,232.2,12.57,13,gps,0.8,0.8,1.1,-84,,,,24,
2018-05-03T08:46:36.169Z,13.572923,80.039481,-79,4.5509996,232,12.8,13,gps,0.8,0.8,1.1,-84,,,,24,
2018-05-03T08:46:37.379Z,13.57284,80.039366,-80,4.5509996,231.7,12.88,13,gps,0.8,0.8,1.1,-84,,,,24,
2018-05-03T08:46:38.582Z,13.572749,80.03926,-79,4.5509996,230.5,12.93,8,gps,0.8,0.8,1.1,-84,,,,24,
2018-05-03T08:46:39.796Z,13.572658,80.039155,-79,4.5509996,230.3,13.06,13,gps,0.8,0.8,1.1,-84,,,,24,
2018-05-03T08:46:41.016Z,13.572577,80.039041,-80,4.5509996,233,12.93,15,gps,0.7,0.8,1.1,-84,,,,24,
2018-05-03T08:46:42.217Z,13.572493,80.038924,-80,4.5509996,232.1,12.93,15,gps,0.7,0.8,1.1,-84,,,,24,
2018-05-03T08:46:43.419Z,13.572404,80.038812,-79,4.5509996,231.8,12.94,9,gps,0.7,0.8,1.1,-84,,,,24,
2018-05-03T08:46:44.657Z,13.572325,80.0387,-78,4.5509996,231.5,12.76,11,gps,0.7,0.8,1.1,-84,,,,24,
2018-05-03T08:46:46.055Z,13.572229,80.038569,-78,4.5509996,231.5,12.77,11,gps,0.7,0.8,1.1,-84,,,,24,
2018-05-03T08:46:47.294Z,13.572142,80.03846,-78,4.5509996,232.1,12.78,11,gps,0.7,0.8,1.1,-84,,,,24,
2018-05-03T08:46:48.507Z,13.572057,80.038335,-78,4.5509996,233.3,12.68,12,gps,0.7,0.8,1.1,-84,,,,24,
2018-05-03T08:46:49.705Z,13.571972,80.038226,-77,4.5509996,231.1,12.52,11,gps,0.7,0.8,1.1,-84,,,,24,
2018-05-03T08:46:50.934Z,13.571877,80.038116,-77,4.5509996,230.4,12.63,9,gps,0.7,0.8,1.1,-84,,,,24,
2018-05-03T08:46:52.253Z,13.571781,80.038002,-77,4.5509996,230.5,12.43,10,gps,0.7,0.8,1.1,-84,,,,24,
2018-05-03T08:46:53.467Z,13.571693,80.037885,-77,4.5509996,230.1,12.61,9,gps,0.7,0.8,1.1,-84,,,,24,
2018-05-03T08:46:54.688Z,13.571603,80.037778,-76,4.5509996,231.9,12.36,9,gps,0.8,0.8,1.1,-84,,,,24,
2018-05-03T08:46:55.897Z,13.571512,80.037662,-76,4.5509996,231.5,12.29,11,gps,0.8,0.8,1.1,-84,,,,24,
2018-05-03T08:46:57.106Z,13.571428,80.037562,-76,4.5509996,230.8,12.08,11,gps,0.8,0.8,1.2,-84,,,,24,
2018-05-03T08:46:58.311Z,13.571357,80.037464,-76,4.5509996,230.8,11.89,10,gps,0.8,0.8,1.1,-84,,,,24,
2018-05-03T08:46:59.929Z,13.571241,80.037327,-76,4.5509996,230.2,11.62,8,gps,0.8,0.8,1.1,-84,,,,24,
2018-05-03T08:47:01.150Z,13.571167,80.037237,-76,4.5509996,230.5,11.34,11,gps,0.8,0.8,1.1,-84,,,,24,
2018-05-03T08:47:02.368Z,13.57109,80.037143,-76,4.5509996,232,11.47,8,gps,0.8,0.8,1.1,-84,,,,24,
2018-05-03T08:47:03.580Z,13.571011,80.037036,-76,4.5509996,233.4,11.56,8,gps,0.8,0.8,1.2,-84,,,,24,
2018-05-03T08:47:04.793Z,13.570929,80.036928,-75,4.5509996,233.4,11.53,11,gps,0.8,0.8,1.2,-84,,,,24,
2018-05-03T08:47:06.026Z,13.570862,80.036823,-75,4.5509996,234.1,11.33,11,gps,0.7,0.7,1,-84,,,,24,
2018-05-03T08:47:07.238Z,13.570794,80.03673,-74,4.5509996,235.3,11.4,11,gps,0.7,0.7,1,-84,,,,24,
2018-05-03T08:47:08.456Z,13.570723,80.036618,-73,4.5509996,234.5,11.5,13,gps,0.7,0.7,1,-84,,,,24,
2018-05-03T08:47:09.678Z,13.570647,80.036511,-72,4.5509996,234.4,11.59,13,gps,0.7,0.7,1,-84,,,,24,
2018-05-03T08:47:10.895Z,13.570576,80.0364,-71,4.5509996,233.6,11.73,11,gps,0.7,0.7,1,-84,,,,24,
2018-05-03T08:47:12.121Z,13.570492,80.036297,-70,4.5509996,230.5,11.73,11,gps,0.7,0.7,1,-84,,,,24,
2018-05-03T08:47:13.337Z,13.570409,80.036205,-70,4.5509996,229.8,11.54,11,gps,0.7,0.7,1,-84,,,,24,
2018-05-03T08:47:14.579Z,13.570323,80.036099,-70,4.5509996,228.9,11.84,11,gps,0.7,0.8,1.1,-84,,,,24,
2018-05-03T08:47:15.804Z,13.57024,80.035996,-70,4.5509996,229.6,11.74,11,gps,0.7,0.8,1.1,-84,,,,24,
2018-05-03T08:47:17.007Z,13.570154,80.0359,-70,4.5509996,229,11.86,11,gps,1,0.8,1.3,-84,,,,24,
2018-05-03T08:47:18.221Z,13.570071,80.035803,-70,4.5509996,229.9,11.78,11,gps,0.9,0.8,1.2,-84,,,,24,
2018-05-03T08:47:19.441Z,13.569986,80.035695,-70,4.5509996,230.8,12.13,11,gps,0.9,0.8,1.2,-84,,,,24,
2018-05-03T08:47:20.639Z,13.569897,80.035591,-70,4.5509996,230.1,12.25,11,gps,0.9,0.8,1.2,-84,,,,24,
2018-05-03T08:47:22.044Z,13.569797,80.035478,-71,4.5509996,230.7,12.42,13,gps,0.9,0.8,1.2,-84,,,,24,
2018-05-03T08:47:23.283Z,13.569701,80.035367,-71,4.5509996,230.4,12.54,10,gps,0.9,0.8,1.2,-84,,,,24,
2018-05-03T08:47:24.490Z,13.56961,80.035257,-71,4.5509996,230.9,12.58,10,gps,0.9,0.8,1.2,-84,,,,24,
2018-05-03T08:47:25.698Z,13.569532,80.035144,-71,4.5509996,231.8,12.5,12,gps,0.9,0.8,1.2,-84,,,,24,
2018-05-03T08:47:26.909Z,13.569446,80.035032,-71,4.5509996,232.5,12.57,12,gps,0.9,0.8,1.2,-84,,,,24,
2018-05-03T08:47:28.140Z,13.569356,80.034916,-71,4.5509996,231.9,12.64,12,gps,0.9,0.8,1.2,-84,,,,24,
2018-05-03T08:47:29.355Z,13.569277,80.034816,-71,4.5509996,232.6,12.54,11,gps,0.9,0.8,1.2,-84,,,,24,
2018-05-03T08:47:30.589Z,13.569197,80.034704,-70,4.5509996,232.5,12.71,11,gps,0.9,0.8,1.2,-84,,,,24,
2018-05-03T08:47:31.809Z,13.56912,80.034585,-70,4.5509996,232.6,12.62,10,gps,1,0.8,1.2,-84,,,,24,
2018-05-03T08:47:33.023Z,13.56903,80.034482,-69,4.5509996,230.8,12.69,10,gps,1,0.8,1.2,-84,,,,24,
2018-05-03T08:47:34.264Z,13.568943,80.034365,-69,4.5509996,229.5,12.86,13,gps,0.9,0.8,1.1,-84,,,,24,
2018-05-03T08:47:35.471Z,13.568848,80.034256,-69,4.5509996,230.1,12.68,13,gps,0.9,0.8,1.1,-84,,,,24,
2018-05-03T08:47:36.704Z,13.568758,80.034136,-69,4.5509996,230.9,12.69,13,gps,0.7,0.7,1,-84,,,,24,
2018-05-03T08:47:37.920Z,13.56866,80.034026,-69,4.5509996,230.6,12.68,13,gps,0.7,0.7,1,-84,,,,24,
2018-05-03T08:47:39.130Z,13.568574,80.033919,-69,4.5509996,230.6,12.69,13,gps,0.7,0.7,1,-84,,,,24,
2018-05-03T08:47:40.355Z,13.568485,80.033806,-69,4.5509996,230.9,12.76,13,gps,0.7,0.7,1,-84,,,,24,
2018-05-03T08:47:41.553Z,13.568392,80.03369,-69,4.5509996,230,12.87,13,gps,0.7,0.8,1.1,-84,,,,24,
2018-05-03T08:47:42.773Z,13.568309,80.033578,-68,4.5509996,232.3,12.64,11,gps,0.7,0.8,1.1,-84,,,,23,
2018-05-03T08:47:43.990Z,13.568235,80.033458,-67,4.5509996,234.3,12.84,10,gps,0.7,0.8,1.1,-84,,,,23,
2018-05-03T08:47:45.214Z,13.568143,80.033357,-66,4.5509996,231,12.74,12,gps,0.7,0.8,1.1,-84,,,,23,
2018-05-03T08:47:46.433Z,13.568056,80.033258,-66,4.5509996,229.6,12.6,12,gps,0.7,0.8,1.1,-84,,,,23,
2018-05-03T08:47:47.943Z,13.567952,80.033121,-67,4.5509996,231,12.52,12,gps,0.7,0.8,1.1,-84,,,,23,
2018-05-03T08:47:49.188Z,13.567863,80.033006,-67,4.5509996,231,12.74,10,gps,0.7,0.8,1.1,-84,,,,23,
2018-05-03T08:47:50.392Z,13.567768,80.032891,-67,4.5509996,231.1,12.58,10,gps,0.7,0.8,1.1,-84,,,,23,
2018-05-03T08:47:51.639Z,13.567671,80.032779,-68,4.5509996,230.8,12.72,11,gps,0.7,0.8,1.1,-84,,,,23,
2018-05-03T08:47:52.850Z,13.56758,80.032668,-68,4.5509996,231,12.89,13,gps,0.8,0.8,1.2,-84,,,,23,
2018-05-03T08:47:54.075Z,13.567492,80.032549,-68,4.5509996,231.6,12.65,14,gps,0.8,0.8,1.2,-84,,,,23,
2018-05-03T08:47:55.299Z,13.567397,80.032432,-68,4.5509996,231.5,12.85,11,gps,0.9,0.8,1.1,-84,,,,23,
2018-05-03T08:47:56.507Z,13.567312,80.032332,-68,4.5509996,232.2,12.69,11,gps,0.9,0.8,1.1,-84,,,,23,
2018-05-03T08:47:57.695Z,13.567236,80.03223,-68,4.5509996,231.7,12.44,10,gps,0.9,0.8,1.1,-84,,,,23,
2018-05-03T08:47:58.907Z,13.567145,80.032113,-69,4.5509996,231.6,12.86,13,gps,1,0.8,1.2,-84,,,,23,
2018-05-03T08:48:00.107Z,13.567061,80.031992,-69,4.5509996,232.5,12.79,11,gps,0.8,0.8,1.1,-84,,,,23,
2018-05-03T08:48:01.300Z,13.566979,80.031878,-69,4.5509996,232.1,12.65,8,gps,0.8,0.8,1.1,-84,,,,23,
2018-05-03T08:48:02.518Z,13.566891,80.031755,-70,4.5509996,231.2,12.74,8,gps,0.8,0.8,1.1,-84,,,,23,
2018-05-03T08:48:03.730Z,13.566786,80.031656,-72,4.5509996,230.2,12.66,12,gps,0.8,0.8,1.1,-84,,,,23,
2018-05-03T08:48:04.942Z,13.566715,80.031537,-72,4.5509996,231.6,12.73,12,gps,0.8,0.8,1.1,-84,,,,23,
2018-05-03T08:48:06.146Z,13.566628,80.031445,-72,4.5509996,231.4,12.57,13,gps,0.8,0.8,1.1,-84,,,,23,
2018-05-03T08:48:07.352Z,13.566543,80.031327,-72,4.5509996,231.9,12.06,14,gps,0.8,0.8,1.2,-84,,,,23,
2018-05-03T08:48:08.597Z,13.566459,80.031226,-72,4.5509996,231.3,11.96,13,gps,0.8,0.8,1.1,-84,,,,23,
2018-05-03T08:48:09.793Z,13.566386,80.031117,-72,4.5509996,231.5,12.29,10,gps,0.8,0.8,1.1,-84,,,,23,
2018-05-03T08:48:10.998Z,13.566299,80.031006,-72,4.5509996,231.1,12.58,13,gps,0.8,0.8,1.1,-84,,,,23,
2018-05-03T08:48:12.198Z,13.566214,80.030898,-71,4.5509996,231.6,12.44,13,gps,0.8,0.8,1.1,-84,,,,23,
2018-05-03T08:48:13.414Z,13.566131,80.030788,-70,4.5509996,231.7,12.38,11,gps,0.8,0.8,1.1,-84,,,,23,
2018-05-03T08:48:14.631Z,13.566049,80.030676,-70,4.5509996,232.6,12.54,11,gps,0.8,0.8,1.1,-84,,,,23,
2018-05-03T08:48:15.871Z,13.565959,80.030561,-70,4.5509996,230.8,12.56,12,gps,0.8,0.8,1.1,-84,,,,23,
2018-05-03T08:48:17.097Z,13.565865,80.030446,-71,4.5509996,231,12.77,12,gps,0.7,0.7,1,-84,,,,23,
2018-05-03T08:48:18.319Z,13.565782,80.030334,-72,4.5509996,231.6,12.79,13,gps,0.7,0.7,1,-84,,,,23,
2018-05-03T08:48:19.537Z,13.565692,80.030226,-73,4.5509996,230.8,12.6,12,gps,0.7,0.7,1,-84,,,,23,
2018-05-03T08:48:20.749Z,13.565615,80.0301,-74,4.5509996,232.7,12.67,14,gps,0.7,0.7,1,-84,,,,23,
2018-05-03T08:48:21.954Z,13.565536,80.029987,-75,4.5509996,231.1,12.57,14,gps,0.7,0.8,1.1,-84,,,,23,
2018-05-03T08:48:23.167Z,13.565449,80.029873,-76,4.5509996,232.8,12.77,17,gps,0.7,0.8,1.1,-84,,,,23,
2018-05-03T08:48:24.389Z,13.565357,80.029763,-76,4.5509996,231.1,12.56,17,gps,0.7,0.7,1,-84,,,,23,
2018-05-03T08:48:25.604Z,13.565276,80.029654,-76,4.5509996,231.6,12.81,15,gps,0.7,0.7,1,-84,,,,23,
2018-05-03T08:48:26.807Z,13.565193,80.029544,-76,4.5509996,230.8,12.8,17,gps,0.7,0.7,1,-84,,,,23,
2018-05-03T08:48:28.004Z,13.565102,80.029439,-76,4.5509996,230.4,12.6,14,gps,0.7,0.7,1,-84,,,,23,
2018-05-03T08:48:29.215Z,13.56501,80.029334,-76,4.5509996,230,12.51,14,gps,0.7,0.7,1,-84,,,,23,
2018-05-03T08:48:30.437Z,13.564924,80.029225,-76,4.5509996,231.1,12.55,15,gps,0.7,0.7,1,-84,,,,23,
2018-05-03T08:48:31.663Z,13.564836,80.029113,-76,4.5509996,231.5,12.35,15,gps,0.7,0.7,1,-84,,,,23,
2018-05-03T08:48:32.885Z,13.564752,80.028997,-76,4.5509996,232.3,12.54,15,gps,0.7,0.7,1,-84,,,,23,
2018-05-03T08:48:34.095Z,13.56468,80.028893,-75,4.5509996,232,12.33,13,gps,0.7,0.7,1,-84,,,,23,
2018-05-03T08:48:35.319Z,13.564595,80.028785,-75,4.5509996,230.8,12.25,12,gps,0.7,0.7,1,-84,,,,23,
2018-05-03T08:48:36.534Z,13.564502,80.028674,-75,4.5509996,230.9,12.43,14,gps,0.7,0.7,1,-84,,,,23,
2018-05-03T08:48:37.755Z,13.564418,80.028564,-75,4.5509996,232.9,12.1,13,gps,0.7,0.7,1,-84,,,,23,
2018-05-03T08:48:38.992Z,13.564333,80.028447,-75,4.5509996,232.4,12.2,14,gps,0.7,0.7,1,-84,,,,23,
2018-05-03T08:48:40.287Z,13.564248,80.028332,-75,4.5509996,232.3,12.25,16,gps,0.7,0.7,1,-84,,,,23,
2018-05-03T08:48:41.502Z,13.56416,80.028221,-75,4.5509996,232,12.11,16,gps,0.7,0.7,1,-84,,,,23,
2018-05-03T08:48:42.713Z,13.564075,80.028116,-75,4.5509996,231.4,12.06,14,gps,0.7,0.7,1,-84,,,,23,
2018-05-03T08:48:43.925Z,13.563992,80.028006,-74,4.5509996,231.8,12.12,14,gps,0.7,0.7,1,-84,,,,23,
2018-05-03T08:48:45.120Z,13.563909,80.027909,-74,4.5509996,232.8,12.18,13,gps,0.7,0.7,1,-84,,,,23,
2018-05-03T08:48:46.345Z,13.563822,80.027801,-74,4.5509996,232.6,12.21,14,gps,0.7,0.7,1,-84,,,,23,
2018-05-03T08:48:47.576Z,13.563736,80.027695,-74,4.5509996,232.3,12.23,12,gps,0.7,0.7,1,-84,,,,23,
2018-05-03T08:48:48.762Z,13.563653,80.027592,-74,4.5509996,232.1,12.45,12,gps,0.7,0.7,1,-84,,,,23,
2018-05-03T08:48:49.979Z,13.563568,80.027475,-74,4.5509996,232.4,12.5,12,gps,0.7,0.7,1,-84,,,,23,
2018-05-03T08:48:51.223Z,13.563495,80.027364,-74,4.5509996,232.2,12.21,12,gps,0.7,0.7,1,-84,,,,23,
2018-05-03T08:48:52.432Z,13.563419,80.027263,-75,4.5509996,233.7,12.28,13,gps,0.7,0.7,1,-84,,,,23,
2018-05-03T08:48:53.907Z,13.563316,80.027119,-75,4.5509996,234.8,12.56,15,gps,0.7,0.7,1,-84,,,,23,
2018-05-03T08:48:55.171Z,13.563226,80.026991,-75,4.5509996,235,12.75,14,gps,0.7,0.7,1,-84,,,,23,
2018-05-03T08:48:56.394Z,13.563141,80.02688,-75,4.5509996,233.2,12.45,13,gps,0.7,0.7,1,-84,,,,23,
2018-05-03T08:48:57.605Z,13.563065,80.026765,-75,4.5509996,234.8,12.77,13,gps,0.7,0.7,1,-84,,,,23,
2018-05-03T08:48:58.805Z,13.56299,80.026646,-76,4.5509996,233.8,12.64,13,gps,0.7,0.7,1,-84,,,,23,
2018-05-03T08:49:00.016Z,13.562912,80.026534,-77,4.5509996,233,12.69,13,gps,0.7,0.7,1,-84,,,,23,
2018-05-03T08:49:01.269Z,13.562817,80.026416,-77,4.5509996,229.2,12.79,14,gps,0.7,0.8,1.1,-84,,,,23,
2018-05-03T08:49:02.498Z,13.562719,80.026305,-77,4.5509996,224.9,12.75,14,gps,0.7,0.7,1,-84,,,,23,
2018-05-03T08:49:03.714Z,13.562612,80.026211,-77,4.5509996,219.3,12.59,14,gps,0.7,0.7,1,-84,,,,23,
2018-05-03T08:49:04.915Z,13.562499,80.026119,-77,4.5509996,216.2,12.22,16,gps,0.7,0.7,1,-84,,,,23,
2018-05-03T08:49:06.165Z,13.562391,80.026036,-76,4.5509996,217.4,11.24,13,gps,0.7,0.7,1,-84,,,,23,
2018-05-03T08:49:07.373Z,13.562304,80.025964,-76,4.5509996,221.7,10.88,13,gps,0.7,0.7,1,-84,,,,23,
2018-05-03T08:49:08.603Z,13.562228,80.025868,-76,4.5509996,230.9,11.33,15,gps,0.7,0.7,1,-84,,,,23,
2018-05-03T08:49:09.844Z,13.562166,80.02576,-76,4.5509996,241,10.86,16,gps,0.7,0.7,1,-84,,,,23,
2018-05-03T08:49:11.051Z,13.562116,80.025636,-76,4.5509996,249.4,11.76,10,gps,0.7,0.7,1,-84,,,,23,
2018-05-03T08:49:12.265Z,13.56208,80.025511,-76,4.5509996,252.9,12.06,14,gps,0.7,0.7,1,-84,,,,23,
2018-05-03T08:49:13.492Z,13.562042,80.025385,-76,4.5509996,252.7,12.27,14,gps,0.7,0.7,1,-84,,,,23,
2018-05-03T08:49:14.701Z,13.561992,80.025245,-76,4.5509996,251.3,12.17,13,gps,0.7,0.7,1,-84,,,,23,
2018-05-03T08:49:16.098Z,13.561934,80.025101,-76,4.5509996,248.2,12.38,13,gps,0.7,0.7,1,-84,,,,23,
2018-05-03T08:49:17.295Z,13.561871,80.024969,-76,4.5509996,241.9,12.82,13,gps,0.7,0.7,1,-84,,,,23,
2018-05-03T08:49:18.518Z,13.561803,80.024859,-77,4.5509996,239.5,12.7,11,gps,0.7,0.7,1,-84,,,,23,
2018-05-03T08:49:19.765Z,13.561723,80.024735,-78,4.5509996,236.3,12.76,11,gps,0.7,0.7,1,-84,,,,23,
2018-05-03T08:49:20.984Z,13.561646,80.024622,-78,4.5509996,235.4,12.78,12,gps,0.7,0.7,1,-84,,,,23,
2018-05-03T08:49:22.463Z,13.561551,80.024482,-78,4.5509996,235.4,12.77,12,gps,0.7,0.7,1,-84,,,,23,
2018-05-03T08:49:23.678Z,13.561487,80.024374,-78,4.5509996,236.6,12.48,12,gps,0.7,0.7,1,-84,,,,23,
2018-05-03T08:49:24.901Z,13.56141,80.024258,-78,4.5509996,237.4,12.49,14,gps,0.7,0.7,1,-84,,,,23,
2018-05-03T08:49:26.105Z,13.561342,80.024138,-79,4.5509996,238,12.96,11,gps,0.7,0.7,1,-84,,,,23,
2018-05-03T08:49:27.324Z,13.561264,80.024024,-80,4.5509996,237.9,12.94,11,gps,0.7,0.7,1,-84,,,,23,
2018-05-03T08:49:28.533Z,13.561191,80.023892,-80,4.5509996,236.9,13.07,11,gps,0.7,0.7,1,-84,,,,23,
2018-05-03T08:49:29.720Z,13.561121,80.023773,-81,4.5509996,237.4,12.7,10,gps,0.7,0.7,1,-84,,,,23,
2018-05-03T08:49:30.947Z,13.561047,80.023653,-81,4.5509996,237,12.78,10,gps,0.8,0.7,1.1,-84,,,,23,
2018-05-03T08:49:32.189Z,13.560955,80.023529,-80,4.5509996,236.3,12.68,12,gps,0.8,0.7,1.1,-84,,,,23,
2018-05-03T08:49:33.456Z,13.560868,80.023418,-81,4.5509996,236.2,12.58,12,gps,0.7,0.7,1,-84,,,,23,
2018-05-03T08:49:34.696Z,13.560805,80.023299,-81,4.5509996,237.2,12.26,12,gps,0.7,0.7,1,-84,,,,23,
2018-05-03T08:49:35.897Z,13.56073,80.023183,-82,4.5509996,236.4,12.43,13,gps,0.7,0.7,1,-84,,,,23,
2018-05-03T08:49:37.164Z,13.560651,80.023067,-82,4.5509996,235.8,12.43,12,gps,0.7,0.7,1,-84,,,,23,
2018-05-03T08:49:38.469Z,13.560569,80.022944,-83,4.5509996,236.8,12.69,15,gps,0.7,0.7,1,-84,,,,23,
2018-05-03T08:49:39.790Z,13.560485,80.022817,-83,4.5509996,235.6,12.67,13,gps,0.7,0.7,1,-84,,,,23,
2018-05-03T08:49:41.018Z,13.560407,80.022704,-84,4.5509996,234.8,12.73,12,gps,0.7,0.7,1,-84,,,,23,
2018-05-03T08:49:42.217Z,13.560336,80.022592,-84,4.5509996,236.4,12.4,11,gps,0.8,0.8,1.1,-84,,,,23,
2018-05-03T08:49:43.523Z,13.560255,80.022462,-85,4.5509996,236.8,12.2,11,gps,0.8,0.8,1.1,-84,,,,23,
2018-05-03T08:49:44.736Z,13.560186,80.022342,-84,4.5509996,236.2,11.96,13,gps,0.7,0.7,1,-84,,,,23,
2018-05-03T08:49:45.968Z,13.560118,80.022231,-84,4.5509996,236.8,12.08,13,gps,0.7,0.7,1,-84,,,,23,
2018-05-03T08:49:47.196Z,13.560038,80.022107,-84,4.5509996,236.2,12.23,13,gps,0.7,0.7,1,-84,,,,23,
2018-05-03T08:49:48.370Z,13.559971,80.021995,-84,4.5509996,236.7,12.14,12,gps,0.7,0.7,1,-84,,,,23,
2018-05-03T08:49:49.539Z,13.5599,80.021882,-84,4.5509996,237.7,12.14,12,gps,0.7,0.7,1,-84,,,,23,
2018-05-03T08:49:50.739Z,13.559831,80.021771,-83,4.5509996,237.9,12.35,14,gps,0.7,0.8,1,-84,,,,23,
2018-05-03T08:49:51.989Z,13.559753,80.021645,-83,4.5509996,237.1,12.49,14,gps,0.7,0.8,1,-84,,,,23,
2018-05-03T08:49:53.410Z,13.559667,80.021504,-83,4.5509996,238.2,12.69,11,gps,0.7,0.8,1,-84,,,,23,
2018-05-03T08:49:54.613Z,13.55959,80.021388,-83,4.5509996,238.6,12.61,14,gps,0.7,0.8,1,-84,,,,23,
2018-05-03T08:49:55.776Z,13.55952,80.021273,-84,4.5509996,237.4,12.67,12,gps,0.7,0.8,1,-84,,,,23,
2018-05-03T08:49:56.935Z,13.559453,80.02116,-84,4.5509996,237.8,12.63,12,gps,0.7,0.8,1,-84,,,,23,
2018-05-03T08:49:58.112Z,13.559377,80.021045,-85,4.5509996,237.5,12.74,13,gps,0.7,0.7,1,-84,,,,23,
2018-05-03T08:49:59.305Z,13.559307,80.020929,-86,4.5509996,237.8,12.69,13,gps,0.7,0.8,1.1,-84,,,,23,
2018-05-03T08:50:00.459Z,13.559232,80.020812,-86,4.5509996,236.2,12.94,13,gps,0.7,0.8,1.1,-84,,,,23,
2018-05-03T08:50:01.668Z,13.559153,80.020689,-86,4.5509996,237.7,12.66,12,gps,0.7,0.7,1,-84,,,,23,
2018-05-03T08:50:02.870Z,13.559086,80.020567,-85,4.5509996,237.7,12.65,15,gps,0.7,0.7,1,-84,,,,23,
2018-05-03T08:50:04.071Z,13.559014,80.020443,-85,4.5509996,237.6,12.66,15,gps,0.7,0.7,1,-84,,,,23,
2018-05-03T08:50:06.031Z,13.558907,80.020246,-84,4.5509996,237.6,12.54,15,gps,0.7,0.7,1,-84,,,,23,
2018-05-03T08:50:07.225Z,13.558839,80.020136,-84,4.5509996,238.5,12.37,15,gps,0.7,0.7,1,-84,,,,23,
2018-05-03T08:50:08.416Z,13.558764,80.020028,-84,4.5509996,236.3,12.49,13,gps,0.7,0.7,1,-84,,,,23,
2018-05-03T08:50:09.675Z,13.55868,80.019912,-84,4.5509996,234.7,12.5,15,gps,0.7,0.7,1,-84,,,,23,
2018-05-03T08:50:10.950Z,13.558596,80.019793,-84,4.5509996,235,12.45,13,gps,0.7,0.7,1,-84,,,,23,
2018-05-03T08:50:12.177Z,13.558523,80.019675,-85,4.5509996,237.5,12.34,13,gps,0.7,0.7,1,-84,,,,23,
2018-05-03T08:50:13.410Z,13.558452,80.019559,-85,4.5509996,237.2,12.31,13,gps,0.7,0.7,1,-84,,,,23,
2018-05-03T08:50:14.639Z,13.558366,80.01944,-85,4.5509996,235.8,12.38,12,gps,0.7,0.7,1,-84,,,,23,
2018-05-03T08:50:15.805Z,13.558286,80.019316,-85,4.5509996,235.7,12.47,13,gps,0.7,0.7,1,-84,,,,23,
2018-05-03T08:50:16.996Z,13.558213,80.019206,-85,4.5509996,237.6,12.29,10,gps,0.7,0.7,1,-84,,,,23,
2018-05-03T08:50:18.184Z,13.558138,80.019094,-84,4.5509996,236.4,12.3,12,gps,0.7,0.7,1,-84,,,,23,
2018-05-03T08:50:19.401Z,13.558067,80.018981,-84,4.5509996,237.6,12.13,12,gps,0.7,0.7,1,-84,,,,23,
2018-05-03T08:50:20.909Z,13.557968,80.018833,-84,4.5509996,236.7,11.94,12,gps,0.7,0.7,1,-84,,,,23,
2018-05-03T08:50:22.144Z,13.557906,80.01872,-84,4.5509996,236.4,11.84,13,gps,0.7,0.7,1,-84,,,,23,
2018-05-03T08:50:23.344Z,13.55783,80.01861,-84,4.5509996,236.1,12.04,13,gps,0.7,0.7,1,-84,,,,23,
2018-05-03T08:50:24.568Z,13.557754,80.018501,-84,4.5509996,235.8,11.95,12,gps,0.7,0.7,1,-84,,,,23,
2018-05-03T08:50:25.773Z,13.55769,80.01839,-84,4.5509996,235.4,11.66,10,gps,0.7,0.7,1,-84,,,,23,
2018-05-03T08:50:26.974Z,13.557622,80.018285,-84,4.5509996,235.8,11.11,11,gps,0.7,0.7,1,-84,,,,23,
2018-05-03T08:50:28.934Z,13.557514,80.018113,-85,6.068,237.3,11.01,11,gps,0.7,0.7,1,-84,,,,23,
2018-05-03T08:50:30.462Z,13.557429,80.017985,-85,4.5509996,238.3,10.14,13,gps,0.7,0.7,1,-84,,,,23,
2018-05-03T08:50:31.961Z,13.557359,80.017867,-85,4.5509996,238.3,10.1,10,gps,0.7,0.7,1,-84,,,,23,
2018-05-03T08:50:33.178Z,13.557284,80.017775,-86,4.5509996,236.3,10.23,13,gps,0.7,0.7,1,-84,,,,23,
2018-05-03T08:50:34.428Z,13.557215,80.01767,-85,4.5509996,236.6,10.54,13,gps,0.8,0.7,1.1,-84,,,,23,
2018-05-03T08:50:35.717Z,13.557148,80.017564,-85,4.5509996,237.5,11.04,9,gps,0.8,0.8,1.1,-84,,,,23,
2018-05-03T08:50:36.933Z,13.55707,80.017451,-84,4.5509996,236.5,11.2,9,gps,0.7,0.7,1,-84,,,,23,
2018-05-03T08:50:38.134Z,13.557005,80.017336,-84,4.5509996,236.8,11.6,10,gps,0.7,0.7,1,-84,,,,23,
2018-05-03T08:50:39.361Z,13.556929,80.017232,-84,4.5509996,237.1,11.84,10,gps,0.7,0.7,1,-84,,,,23,
2018-05-03T08:50:40.596Z,13.55686,80.01712,-83,4.5509996,237.3,12.05,10,gps,0.7,0.7,1,-84,,,,23,
2018-05-03T08:50:41.801Z,13.556796,80.01701,-83,4.5509996,236.9,12,10,gps,0.7,0.7,1,-84,,,,23,
2018-05-03T08:50:43.116Z,13.556703,80.016885,-82,4.5509996,235.8,12,11,gps,0.7,0.8,1.1,-84,,,,23,
2018-05-03T08:50:44.343Z,13.556629,80.016772,-82,4.5509996,236.9,12.02,14,gps,0.7,0.8,1.1,-84,,,,23,
2018-05-03T08:50:45.573Z,13.556551,80.016651,-81,4.5509996,237.2,12.2,14,gps,0.7,0.7,1,-84,,,,23,
2018-05-03T08:50:46.768Z,13.556477,80.016541,-81,4.5509996,236.6,12.28,13,gps,0.7,0.7,1,-84,,,,23,
2018-05-03T08:50:48.001Z,13.5564,80.016426,-80,4.5509996,235.7,12.1,8,gps,0.7,0.7,1,-84,,,,23,
2018-05-03T08:50:49.222Z,13.556321,80.016312,-79,4.5509996,235.4,12.09,10,gps,0.7,0.7,1,-84,,,,23,
2018-05-03T08:50:43.635Z,13.556098,80.01726,0,26.747,0,0,0,network,,,,,,,,23,
2018-05-03T08:50:50.762Z,13.556098,80.01726,0,26.747,0,0,0,network,,,,,,,,23,
2018-05-03T08:50:51.838Z,13.556178,80.016051,-79,4.5509996,237.6,12.07,12,gps,0.7,0.8,1.1,-84,,,,23,
2018-05-03T08:50:53.065Z,13.556106,80.015937,-79,4.5509996,237.9,12.28,12,gps,0.7,0.8,1.1,-84,,,,23,
2018-05-03T08:50:54.313Z,13.556036,80.015816,-80,4.5509996,238.4,11.73,12,gps,0.7,0.8,1.1,-84,,,,23,
2018-05-03T08:50:55.514Z,13.55597,80.015714,-80,4.5509996,236.6,11.27,13,gps,0.7,0.7,1,-84,,,,23,
2018-05-03T08:50:56.705Z,13.555893,80.015605,-80,4.5509996,236.2,11.48,12,gps,0.7,0.7,1,-84,,,,23,
2018-05-03T08:50:57.932Z,13.555815,80.015491,-79,4.5509996,236.2,11.27,12,gps,0.7,0.7,1,-84,,,,23,
2018-05-03T08:50:59.145Z,13.555758,80.015398,-80,4.5509996,234.7,10.39,11,gps,0.7,0.7,1,-84,,,,23,
2018-05-03T08:51:00.370Z,13.55568,80.015311,-80,4.5509996,230.3,10.23,14,gps,0.7,0.7,1,-84,,,,23,
2018-05-03T08:51:01.630Z,13.5556,80.01523,-80,4.5509996,224.6,9.93,12,gps,0.7,0.7,1,-84,,,,23,
2018-05-03T08:51:02.867Z,13.55551,80.015153,-80,4.5509996,214.7,9.98,15,gps,0.7,0.7,1,-84,,,,23,
2018-05-03T08:51:04.092Z,13.555416,80.015082,-80,4.5509996,213.2,9.92,15,gps,0.7,0.8,1.1,-84,,,,23,
2018-05-03T08:51:05.405Z,13.555316,80.015016,-80,4.5509996,217.2,9.98,14,gps,0.7,0.8,1.1,-84,,,,23,
2018-05-03T08:51:06.639Z,13.555232,80.014945,-81,4.5509996,223.9,9.28,15,gps,0.7,0.7,1,-84,,,,23,
2018-05-03T08:51:07.858Z,13.555186,80.014866,-81,4.5509996,238.7,8.88,11,gps,0.7,0.7,1,-84,,,,23,
2018-05-03T08:51:09.103Z,13.555138,80.014763,-81,4.5509996,251.6,9.12,12,gps,0.7,0.7,1,-84,,,,23,
2018-05-03T08:51:01.819Z,13.556284,80.017062,0,33.375,0,0,0,network,,,,,,,,23,
2018-05-03T08:51:11.611Z,13.555107,80.014541,-82,4.5509996,265.7,9.98,13,gps,0.7,0.7,1,-84,,,,23,
2018-05-03T08:51:12.839Z,13.555087,80.014422,-82,6.068,258,10.05,13,gps,0.7,0.7,1,-84,,,,23,
2018-05-03T08:51:14.115Z,13.555046,80.014303,-81,4.5509996,245,10.39,14,gps,0.7,0.7,1,-84,,,,23,
2018-05-03T08:51:15.325Z,13.554999,80.014214,-81,6.068,238.6,10.3,11,gps,0.7,0.7,1,-84,,,,23,
2018-05-03T08:51:16.544Z,13.554939,80.014108,-81,6.068,237.9,10.8,12,gps,0.7,0.7,1,-84,,,,23,
2018-05-03T08:51:17.771Z,13.554881,80.014008,-81,6.068,237.7,10.82,11,gps,0.7,0.7,1,-84,,,,23,
2018-05-03T08:51:18.984Z,13.55482,80.013901,-82,6.068,238.4,11.19,12,gps,0.7,0.7,1,-84,,,,23,
2018-05-03T08:51:20.194Z,13.554763,80.013805,-83,6.068,237.9,11.45,9,gps,0.8,0.7,1.1,-84,,,,23,
2018-05-03T08:51:21.448Z,13.554693,80.013686,-82,6.068,238.1,11.93,9,gps,0.8,0.8,1.1,-84,,,,23,
2018-05-03T08:51:22.651Z,13.554624,80.013582,-83,6.068,238.1,11.69,12,gps,0.7,0.7,1,-84,,,,23,
2018-05-03T08:51:23.879Z,13.554556,80.01347,-82,6.068,238.7,11.72,11,gps,0.7,0.7,1,-84,,,,23,
2018-05-03T08:51:25.095Z,13.554496,80.013358,-82,4.5509996,238.4,11.98,12,gps,0.7,0.7,1,-84,,,,23,
2018-05-03T08:51:26.313Z,13.554419,80.013243,-82,4.5509996,238.9,12.03,10,gps,0.8,0.8,1.1,-84,,,,23,
2018-05-03T08:51:27.552Z,13.554345,80.013127,-82,4.5509996,239.4,12.13,11,gps,0.8,0.8,1.1,-84,,,,23,
2018-05-03T08:51:28.766Z,13.55428,80.013016,-82,4.5509996,239.8,11.99,11,gps,0.8,0.8,1.1,-84,,,,23,
2018-05-03T08:51:30.000Z,13.55422,80.012903,-83,4.5509996,240,12.04,12,gps,0.8,0.8,1.1,-84,,,,23,
2018-05-03T08:51:31.219Z,13.554153,80.012783,-83,4.5509996,240.6,12.16,10,gps,0.8,0.8,1.1,-84,,,,23,
2018-05-03T08:51:32.454Z,13.554086,80.012667,-84,4.5509996,239.9,12.13,12,gps,0.8,0.8,1.1,-84,,,,23,
2018-05-03T08:51:33.674Z,13.554017,80.012547,-84,4.5509996,239,12.29,12,gps,0.8,0.7,1.1,-84,,,,22,
2018-05-03T08:51:34.879Z,13.553957,80.012428,-85,4.5509996,239.3,12.18,11,gps,0.8,0.8,1.1,-84,,,,22,
2018-05-03T08:51:36.083Z,13.553886,80.0123,-85,4.5509996,240.7,12.44,12,gps,0.8,0.8,1.1,-84,,,,22,
2018-05-03T08:51:37.281Z,13.553823,80.012174,-85,4.5509996,241.6,12.45,12,gps,0.8,0.8,1.1,-84,,,,22,
2018-05-03T08:51:38.490Z,13.553754,80.012058,-84,4.5509996,240.9,12.31,14,gps,0.8,0.8,1.1,-84,,,,22,
2018-05-03T08:51:39.705Z,13.553692,80.011934,-85,4.5509996,240.1,12.65,11,gps,0.8,0.8,1.1,-84,,,,22,
2018-05-03T08:51:40.905Z,13.55362,80.011812,-85,4.5509996,239.3,12.65,12,gps,0.8,0.8,1.1,-84,,,,22,
2018-05-03T08:51:42.567Z,13.553524,80.011642,-86,4.5509996,240.3,12.71,12,gps,0.8,0.8,1.1,-84,,,,22,
2018-05-03T08:51:43.783Z,13.55346,80.011517,-86,4.5509996,241.2,12.5,6,gps,0.8,0.8,1.1,-84,,,,22,
2018-05-03T08:51:45.006Z,13.553397,80.011391,-87,4.5509996,242.2,12.3,11,gps,0.8,0.8,1.1,-84,,,,22,
2018-05-03T08:51:46.218Z,13.553339,80.011277,-87,4.5509996,242.1,12.17,14,gps,0.8,0.7,1.1,-84,,,,22,
2018-05-03T08:51:47.437Z,13.553277,80.011162,-88,4.5509996,241.4,12.19,14,gps,0.8,0.7,1.1,-84,,,,22,
2018-05-03T08:51:48.646Z,13.553213,80.011025,-88,4.5509996,242,12.41,12,gps,0.7,0.7,1,-84,,,,22,
2018-05-03T08:51:49.872Z,13.553147,80.010897,-87,4.5509996,243,12.52,14,gps,0.7,0.7,1,-84,,,,22,
2018-05-03T08:51:51.101Z,13.553079,80.01077,-86,4.5509996,243,12.54,14,gps,0.7,0.7,1,-84,,,,22,
2018-05-03T08:51:52.318Z,13.553008,80.010637,-85,4.5509996,242.1,12.4,14,gps,0.7,0.7,1,-84,,,,22,
2018-05-03T08:51:53.532Z,13.552942,80.010517,-84,4.5509996,243.1,12.28,11,gps,0.7,0.7,1,-84,,,,22,
2018-05-03T08:51:54.730Z,13.552878,80.010399,-84,4.5509996,242.1,12.35,13,gps,0.7,0.7,1,-84,,,,22,
2018-05-03T08:51:55.951Z,13.55282,80.010275,-83,4.5509996,243,12.27,13,gps,0.7,0.7,1,-84,,,,22,
2018-05-03T08:51:57.155Z,13.552754,80.010154,-83,4.5509996,243.4,12.45,14,gps,0.7,0.7,1,-84,,,,22,
2018-05-03T08:51:58.403Z,13.552693,80.010025,-83,4.5509996,243.2,12.21,13,gps,0.7,0.8,1.1,-84,,,,22,
2018-05-03T08:51:59.602Z,13.552638,80.009905,-82,4.5509996,242.3,12.11,13,gps,0.7,0.7,1,-84,,,,22,
2018-05-03T08:52:00.781Z,13.552578,80.009787,-81,4.5509996,243.5,12.06,13,gps,0.7,0.7,1,-84,,,,22,
2018-05-03T08:52:02.028Z,13.552514,80.009658,-81,4.5509996,242.4,11.98,14,gps,0.7,0.7,1,-84,,,,22,
2018-05-03T08:52:03.241Z,13.552461,80.009536,-80,4.5509996,243.9,11.75,15,gps,0.7,0.7,1,-84,,,,22,
2018-05-03T08:52:04.456Z,13.552401,80.009411,-80,4.5509996,244.6,11.89,15,gps,0.7,0.7,1,-84,,,,22,
2018-05-03T08:52:05.678Z,13.552344,80.009292,-80,4.5509996,244.5,11.69,13,gps,0.7,0.7,1,-84,,,,22,
2018-05-03T08:52:06.900Z,13.552286,80.009177,-79,4.5509996,244.9,11.42,13,gps,0.7,0.7,1,-84,,,,22,
2018-05-03T08:52:08.119Z,13.552228,80.009058,-80,4.5509996,244.6,11.22,13,gps,0.7,0.7,1,-84,,,,22,
2018-05-03T08:52:09.342Z,13.552177,80.008945,-80,4.5509996,243.7,11.01,12,gps,0.7,0.7,1,-84,,,,22,
2018-05-03T08:52:10.553Z,13.552111,80.008824,-80,4.5509996,243.9,10.99,13,gps,0.8,0.7,1.1,-84,,,,22,
2018-05-03T08:52:11.799Z,13.55205,80.008704,-80,4.5509996,244.1,11.15,13,gps,0.7,0.7,1,-84,,,,22,
2018-05-03T08:52:13.001Z,13.552001,80.008601,-80,4.5509996,244,10.82,13,gps,0.8,0.8,1.1,-84,,,,22,
2018-05-03T08:52:14.216Z,13.551955,80.008489,-80,4.5509996,246.1,11.15,14,gps,0.8,0.8,1.1,-84,,,,22,
2018-05-03T08:52:15.428Z,13.551904,80.00838,-81,4.5509996,244.7,11.13,12,gps,0.7,0.7,1,-84,,,,22,
2018-05-03T08:52:16.829Z,13.55185,80.008257,-80,4.5509996,244.2,10.29,14,gps,0.7,0.7,1,-84,,,,22,
2018-05-03T08:52:18.027Z,13.551804,80.00815,-79,4.5509996,243.2,10.14,14,gps,0.7,0.7,1,-84,,,,22,
2018-05-03T08:52:19.239Z,13.551751,80.008046,-79,4.5509996,242.8,10.42,14,gps,0.7,0.7,1,-84,,,,22,
2018-05-03T08:52:20.444Z,13.551701,80.007941,-79,4.5509996,243.5,10.68,12,gps,0.7,0.7,1,-84,,,,22,
2018-05-03T08:52:21.658Z,13.551646,80.007828,-79,4.5509996,244.7,11.13,14,gps,0.7,0.7,1,-84,,,,22,
2018-05-03T08:52:22.891Z,13.551587,80.007709,-78,4.5509996,244.6,11.45,15,gps,0.7,0.7,1,-84,,,,22,
2018-05-03T08:52:24.102Z,13.551532,80.007588,-78,4.5509996,244.1,11.66,14,gps,0.7,0.7,1,-84,,,,22,
2018-05-03T08:52:25.322Z,13.551473,80.007473,-77,4.5509996,244.5,11.92,14,gps,0.7,0.7,1,-84,,,,22,
2018-05-03T08:52:27.282Z,13.551386,80.007273,-77,4.5509996,244.2,12.3,14,gps,0.7,0.7,1,-84,,,,22,
2018-05-03T08:52:28.540Z,13.551326,80.007139,-75,4.5509996,244,12.29,19,gps,0.7,0.7,1,-84,,,,22,
2018-05-03T08:52:29.741Z,13.551265,80.007017,-74,4.5509996,244.9,12.42,15,gps,0.7,0.7,1,-84,,,,22,
2018-05-03T08:52:30.999Z,13.551201,80.00689,-73,4.5509996,244.5,12.49,14,gps,0.7,0.7,1,-84,,,,22,
2018-05-03T08:52:32.210Z,13.551153,80.006769,-73,4.5509996,244,12.4,14,gps,0.7,0.7,1,-84,,,,22,
2018-05-03T08:52:33.408Z,13.551092,80.006644,-73,4.5509996,243.6,12.52,15,gps,0.7,0.7,1,-84,,,,22,
2018-05-03T08:52:34.622Z,13.551028,80.006519,-73,4.5509996,244.3,12.73,15,gps,0.7,0.7,1,-84,,,,22,
2018-05-03T08:52:35.840Z,13.55097,80.006392,-73,4.5509996,245.5,12.39,15,gps,0.7,0.7,1,-84,,,,22,
2018-05-03T08:52:37.070Z,13.550913,80.006259,-73,4.5509996,245.2,12.73,13,gps,0.7,0.7,1,-84,,,,22,
2018-05-03T08:52:38.292Z,13.550852,80.006137,-73,4.5509996,243.9,12.7,13,gps,0.7,0.7,1,-84,,,,22,
2018-05-03T08:52:39.489Z,13.550786,80.006018,-73,4.5509996,242.5,12.91,11,gps,0.7,0.7,1,-84,,,,22,
2018-05-03T08:52:40.712Z,13.550731,80.005894,-73,4.5509996,242.9,12.85,14,gps,0.7,0.7,1,-84,,,,22,
2018-05-03T08:52:41.909Z,13.550667,80.005771,-73,4.5509996,243.5,12.82,14,gps,0.7,0.7,1,-84,,,,22,
2018-05-03T08:52:43.140Z,13.550604,80.005638,-73,4.5509996,244.7,12.86,12,gps,0.7,0.7,1,-84,,,,22,
2018-05-03T08:52:44.353Z,13.55054,80.005513,-74,4.5509996,243.7,12.83,14,gps,0.7,0.7,1,-84,,,,22,
2018-05-03T08:52:45.561Z,13.550483,80.005387,-74,4.5509996,242.7,12.6,14,gps,0.7,0.7,1,-84,,,,22,
2018-05-03T08:52:46.802Z,13.550414,80.005254,-75,4.5509996,244,12.75,14,gps,0.7,0.7,1,-84,,,,22,
2018-05-03T08:52:47.973Z,13.550355,80.005128,-75,4.5509996,243.5,12.9,14,gps,0.7,0.8,1.1,-84,,,,22,
2018-05-03T08:52:49.193Z,13.550288,80.005004,-74,4.5509996,243.2,13.07,14,gps,0.7,0.8,1.1,-84,,,,22,
2018-05-03T08:52:50.434Z,13.550219,80.004871,-75,4.5509996,243.9,12.99,14,gps,0.7,0.8,1.1,-84,,,,22,
2018-05-03T08:52:51.656Z,13.550161,80.004738,-75,4.5509996,245.2,12.94,13,gps,0.7,0.8,1.1,-84,,,,22,
2018-05-03T08:52:52.879Z,13.550091,80.004606,-75,4.5509996,244.4,12.88,13,gps,0.7,0.8,1.1,-84,,,,22,
2018-05-03T08:52:54.090Z,13.550032,80.004478,-75,4.5509996,243.5,12.64,15,gps,0.7,0.8,1.1,-84,,,,22,
2018-05-03T08:52:55.301Z,13.549968,80.004348,-75,4.5509996,243.4,12.85,16,gps,0.7,0.7,1,-84,,,,22,
2018-05-03T08:52:56.520Z,13.549905,80.004214,-75,4.5509996,243.7,12.83,13,gps,0.7,0.7,1,-84,,,,22,
2018-05-03T08:52:57.733Z,13.549843,80.004083,-75,4.5509996,243.8,12.81,13,gps,0.7,0.7,1,-84,,,,22,
2018-05-03T08:52:58.945Z,13.54978,80.003947,-74,4.5509996,244.1,12.78,14,gps,0.7,0.7,1,-84,,,,22,
2018-05-03T08:53:00.171Z,13.549718,80.003817,-74,4.5509996,243.1,12.86,15,gps,0.7,0.7,1,-84,,,,22,
2018-05-03T08:53:01.409Z,13.549654,80.003689,-73,4.5509996,243.3,12.88,15,gps,0.7,0.7,1,-84,,,,22,
2018-05-03T08:53:02.625Z,13.549593,80.00356,-73,4.5509996,243.3,12.94,15,gps,0.7,0.7,1,-84,,,,22,
2018-05-03T08:53:03.832Z,13.549527,80.003431,-73,4.5509996,243.4,12.97,15,gps,0.7,0.7,1,-84,,,,22,
2018-05-03T08:53:05.059Z,13.549463,80.003294,-73,4.5509996,243.7,12.92,14,gps,0.7,0.7,1,-84,,,,22,
2018-05-03T08:53:06.274Z,13.549399,80.003169,-73,4.5509996,244.3,12.84,15,gps,0.7,0.7,1,-84,,,,22,
2018-05-03T08:53:07.479Z,13.549341,80.003042,-73,4.5509996,244.2,12.67,15,gps,0.7,0.7,1,-84,,,,22,
2018-05-03T08:53:08.705Z,13.549282,80.002916,-73,4.5509996,243.8,12.63,15,gps,0.7,0.7,1,-84,,,,22,
2018-05-03T08:53:09.905Z,13.549216,80.002783,-72,4.5509996,243.7,12.8,16,gps,0.7,0.7,1,-84,,,,22,
2018-05-03T08:53:11.121Z,13.549157,80.002661,-72,4.5509996,243.9,12.59,16,gps,0.7,0.7,1,-84,,,,22,
2018-05-03T08:53:12.329Z,13.549094,80.002534,-72,4.5509996,243.7,12.44,14,gps,0.7,0.7,1,-84,,,,22,
2018-05-03T08:53:13.555Z,13.549036,80.002402,-72,4.5509996,243.9,12.11,16,gps,0.7,0.7,1,-84,,,,22,
2018-05-03T08:53:14.762Z,13.548979,80.002284,-72,4.5509996,242.7,12.15,16,gps,0.7,0.7,1,-84,,,,22,
2018-05-03T08:53:15.962Z,13.548913,80.002168,-72,4.5509996,244.2,12.23,13,gps,0.7,0.7,1,-84,,,,22,
2018-05-03T08:53:17.166Z,13.54886,80.002041,-72,4.5509996,243.5,12.23,14,gps,0.7,0.7,1,-84,,,,22,
2018-05-03T08:53:18.366Z,13.548797,80.00192,-72,4.5509996,244,12.34,15,gps,0.7,0.7,1,-84,,,,22,
2018-05-03T08:53:19.607Z,13.548745,80.001793,-71,4.5509996,245.4,12.07,14,gps,0.7,0.7,1,-84,,,,22,
2018-05-03T08:53:20.815Z,13.548694,80.001665,-71,4.5509996,243.7,12.3,14,gps,0.7,0.7,1,-84,,,,22,
2018-05-03T08:53:22.005Z,13.548633,80.001539,-71,4.5509996,243.9,12.53,15,gps,0.7,0.7,1,-84,,,,22,
2018-05-03T08:53:23.222Z,13.548572,80.001406,-71,4.5509996,247,12.62,15,gps,0.7,0.7,1,-84,,,,22,
2018-05-03T08:53:24.436Z,13.548513,80.001278,-71,4.5509996,246.7,12.6,12,gps,0.7,0.7,1,-84,,,,22,
2018-05-03T08:53:25.661Z,13.548456,80.001146,-71,4.5509996,246.7,12.77,11,gps,0.7,0.7,1,-84,,,,22,
2018-05-03T08:53:26.877Z,13.5484,80.001027,-71,4.5509996,247,12.49,12,gps,0.7,0.7,1,-84,,,,22,
2018-05-03T08:53:28.837Z,13.548309,80.000829,-71,4.5509996,244.7,12.59,11,gps,0.7,0.7,1,-84,,,,22,
2018-05-03T08:53:30.119Z,13.548247,80.000698,-72,4.5509996,243.7,12.78,10,gps,0.8,0.8,1.1,-84,,,,22,
2018-05-03T08:53:31.340Z,13.548185,80.000555,-72,4.5509996,244.5,12.8,10,gps,0.8,0.8,1.1,-84,,,,22,
2018-05-03T08:53:32.572Z,13.548117,80.000424,-73,4.5509996,242.5,12.93,12,gps,0.8,0.8,1.1,-84,,,,22,
2018-05-03T08:53:33.806Z,13.54805,80.000301,-73,4.5509996,243.1,12.92,13,gps,0.7,0.7,1,-84,,,,22,
2018-05-03T08:53:35.016Z,13.547981,80.000173,-73,4.5509996,244,12.83,14,gps,0.7,0.7,1,-84,,,,22,
2018-05-03T08:53:36.222Z,13.547923,80.000053,-73,4.5509996,244.2,12.13,14,gps,0.8,0.7,1.1,-84,,,,22,
2018-05-03T08:53:37.537Z,13.547861,79.999925,-74,4.5509996,242.1,10.89,12,gps,0.8,0.7,1.1,-84,,,,22,
2018-05-03T08:53:38.747Z,13.547815,79.999826,-74,4.5509996,242.8,9.25,12,gps,0.7,0.7,1,-84,,,,22,
2018-05-03T08:53:39.965Z,13.547774,79.99974,-74,4.5509996,241.2,7.89,14,gps,0.7,0.7,1,-84,,,,22,
2018-05-03T08:53:41.167Z,13.547741,79.999673,-75,4.5509996,239.4,6.18,14,gps,0.7,0.7,1,-84,,,,22,
2018-05-03T08:53:42.391Z,13.547716,79.999618,-75,4.5509996,235,4.75,10,gps,0.7,0.7,1,-84,,,,22,
2018-05-03T08:53:43.620Z,13.547703,79.999574,-74,4.5509996,250.8,3.07,12,gps,0.7,0.7,1,-84,,,,22,
2018-05-03T08:53:44.821Z,13.547706,79.999547,-74,4.5509996,285.3,2.44,13,gps,0.7,0.7,1,-84,,,,22,
2018-05-03T08:53:38.716Z,13.54763,80.000879,0,32.811,0,0,0,network,,,,,,,,22,
2018-05-03T08:53:46.264Z,13.54763,80.000879,0,32.811,0,0,0,network,,,,,,,,22,
2018-05-03T08:53:47.551Z,13.547757,79.999499,-74,6.068,349,3.13,13,gps,0.7,0.7,1,-84,,,,22,
2018-05-03T08:53:48.770Z,13.547773,79.999502,-72,4.5509996,32.1,4.91,12,gps,0.7,0.7,1,-84,,,,22,
2018-05-03T08:53:49.975Z,13.547812,79.99954,-71,4.5509996,62.1,5.78,13,gps,0.7,0.7,1,-84,,,,22,
2018-05-03T08:53:51.166Z,13.547846,79.999596,-71,4.5509996,65.6,6.75,12,gps,0.7,0.7,1,-84,,,,22,
2018-05-03T08:53:52.374Z,13.547878,79.999666,-72,4.5509996,65.5,7.42,14,gps,0.7,0.7,1,-84,,,,22,
2018-05-03T08:53:53.580Z,13.547908,79.999738,-72,4.5509996,64.7,7.68,14,gps,0.7,0.7,1,-84,,,,22,
2018-05-03T08:53:54.785Z,13.547943,79.999821,-72,4.5509996,63.4,8.37,11,gps,0.7,0.7,1,-84,,,,22,
2018-05-03T08:53:55.996Z,13.547981,79.999909,-72,4.5509996,63.9,8.9,11,gps,0.7,0.7,1,-84,,,,22,
2018-05-03T08:53:57.276Z,13.548034,79.999999,-72,4.5509996,62,9,12,gps,0.7,0.8,1.1,-84,,,,22,
2018-05-03T08:53:58.489Z,13.548075,80.000083,-72,4.5509996,62.7,8.27,11,gps,0.7,0.8,1.1,-84,,,,22,
2018-05-03T08:53:59.736Z,13.54811,80.000157,-72,4.5509996,65.4,6.02,12,gps,0.7,0.7,1,-84,,,,22,
2018-05-03T08:54:00.966Z,13.548151,80.00022,-72,4.5509996,59.2,4.36,12,gps,0.7,0.7,1,-84,,,,22,
2018-05-03T08:54:02.215Z,13.548176,80.000245,-72,4.5509996,36.6,2.92,13,gps,0.7,0.7,1,-84,,,,22,
2018-05-03T08:54:03.446Z,13.54818,80.00027,-73,4.5509996,48.1,1.46,13,gps,0.7,0.7,1,-84,,,,22,
2018-05-03T08:54:04.884Z,13.548176,80.000285,-73,4.5509996,59.8,0.43,11,gps,0.7,0.7,1,-84,,,,22,
2018-05-03T08:54:06.115Z,13.548183,80.00028,-74,4.5509996,59.5,0.49,14,gps,0.7,0.7,1,-84,,,,22,
2018-05-03T08:54:07.340Z,13.548189,80.000279,-74,4.5509996,59.5,0.49,13,gps,0.7,0.7,1,-84,,,,22,
2018-05-03T08:54:08.729Z,13.548198,80.000277,-73,4.5509996,3.8,0.78,10,gps,0.7,0.7,1,-84,,,,22,
2018-05-03T08:54:09.986Z,13.548215,80.000282,-74,4.5509996,59.2,0.15,10,gps,0.7,0.7,1,-84,,,,22,
2018-05-03T08:54:11.195Z,13.548215,80.000282,-74,4.5509996,59.2,0.24,14,gps,0.7,0.7,1,-84,,,,22,
2018-05-03T08:54:12.392Z,13.548213,80.00028,-74,4.5509996,59.1,0.16,13,gps,0.7,0.7,1,-84,,,,22,
2018-05-03T08:54:13.638Z,13.548216,80.000282,-74,4.5509996,,0,11,gps,0.7,0.7,1,-84,,,,22,
2018-05-03T08:54:14.867Z,13.548216,80.000286,-73,6.068,,0,10,gps,0.7,0.8,1.1,-84,,,,22,
2018-05-03T08:54:16.106Z,13.548214,80.000286,-73,4.5509996,,0,11,gps,0.7,0.8,1.1,-84,,,,22,
2018-05-03T08:54:17.329Z,13.548208,80.000287,-72,4.5509996,,0,11,gps,0.8,0.8,1.1,-84,,,,22,
2018-05-03T08:54:18.541Z,13.548199,80.00029,-71,4.5509996,,0,12,gps,0.8,0.8,1.1,-84,,,,22,
2018-05-03T08:54:19.788Z,13.548198,80.000293,-71,4.5509996,,0,14,gps,0.8,0.8,1.1,-84,,,,22,
2018-05-03T08:54:21.003Z,13.548201,80.000291,-71,4.5509996,,0,14,gps,0.7,0.8,1.1,-84,,,,22,
2018-05-03T08:54:22.281Z,13.548202,80.000291,-71,4.5509996,,0,15,gps,0.7,0.8,1.1,-84,,,,22,
2018-05-03T08:54:23.515Z,13.548208,80.000292,-71,4.5509996,,0,12,gps,0.7,0.8,1.1,-84,,,,22,
2018-05-03T08:54:24.705Z,13.548206,80.000292,-71,4.5509996,,0,13,gps,0.7,0.8,1.1,-84,,,,22,
2018-05-03T08:54:25.921Z,13.548204,80.000288,-71,4.5509996,,0,16,gps,0.7,0.7,1,-84,,,,22,
2018-05-03T08:54:27.141Z,13.548204,80.00029,-72,4.5509996,,0,14,gps,0.7,0.7,1,-84,,,,22,
2018-05-03T08:54:28.380Z,13.548204,80.000291,-72,4.5509996,,0,12,gps,0.7,0.7,1,-84,,,,22,
2018-05-03T08:54:29.618Z,13.548205,80.000292,-72,4.5509996,,0,12,gps,0.7,0.7,1,-84,,,,22,
2018-05-03T08:54:30.801Z,13.548205,80.000292,-72,4.5509996,,0,11,gps,0.7,0.7,1,-84,,,,22,
2018-05-03T08:54:32.013Z,13.548205,80.000292,-72,4.5509996,,0,10,gps,0.7,0.7,1,-84,,,,22,
2018-05-03T08:54:33.275Z,13.548205,80.000292,-72,4.5509996,,0,13,gps,0.7,0.8,1.1,-84,,,,21,
2018-05-03T08:54:34.486Z,13.548205,80.000292,-72,4.5509996,,0,13,gps,0.7,0.7,1,-84,,,,21,
2018-05-03T08:54:35.703Z,13.548206,80.000292,-72,4.5509996,,0,15,gps,0.7,0.7,1,-84,,,,21,
2018-05-03T08:54:36.937Z,13.548206,80.000292,-72,6.068,,0,13,gps,0.8,0.7,1.1,-84,,,,21,
2018-05-03T08:54:38.161Z,13.548206,80.000292,-72,6.068,,0,13,gps,0.8,0.7,1.1,-84,,,,21,
2018-05-03T08:54:39.412Z,13.548206,80.000292,-72,4.5509996,,0,12,gps,0.8,0.7,1.1,-84,,,,21,
2018-05-03T08:54:41.340Z,13.548206,80.000292,-72,6.068,,0,5,gps,0.8,0.7,1.1,-84,,,,21,
2018-05-03T08:54:42.553Z,13.548206,80.000292,-72,6.068,,0,6,gps,0.8,0.7,1.1,-84,,,,21,
2018-05-03T08:54:43.775Z,13.548206,80.000292,-72,6.068,,0,5,gps,0.8,0.7,1.1,-84,,,,21,
2018-05-03T08:54:45.002Z,13.548206,80.000292,-73,6.068,,0,5,gps,0.9,0.8,1.2,-84,,,,21,
2018-05-03T08:54:46.216Z,13.548206,80.000292,-72,7.585,,0,6,gps,0.9,0.8,1.2,-84,,,,21,
2018-05-03T08:54:47.441Z,13.548206,80.000292,-72,7.585,,0,6,gps,1.1,0.9,1.4,-84,,,,21,
2018-05-03T08:54:48.760Z,13.548206,80.000292,-73,7.585,,0,6,gps,1,0.9,1.4,-84,,,,21,
2018-05-03T08:54:50.045Z,13.548206,80.000292,-73,9.101999,,0,4,gps,1,0.8,1.3,-84,,,,21,
2018-05-03T08:54:51.274Z,13.548206,80.000292,-73,9.101999,,0,4,gps,1.1,0.8,1.4,-84,,,,21,
2018-05-03T08:54:52.708Z,13.548206,80.000292,-73,7.585,,0,11,gps,1.1,0.8,1.4,-84,,,,21,
2018-05-03T08:54:53.949Z,13.548219,80.000273,-72,7.585,301.3,1.28,3,gps,0.9,0.8,1.2,-84,,,,21,
2018-05-03T08:54:55.156Z,13.548231,80.000262,-73,7.585,318.2,1.28,4,gps,0.9,0.8,1.2,-84,,,,21,
2018-05-03T08:54:56.355Z,13.548244,80.00025,-72,7.585,312.4,1.78,4,gps,0.9,0.8,1.2,-84,,,,21,
2018-05-03T08:54:57.592Z,13.548241,80.000239,-72,9.101999,284.7,0.84,4,gps,0.9,0.8,1.2,-84,,,,21,
2018-05-03T08:54:58.830Z,13.54829,80.000221,-73,9.101999,328.4,1.16,7,gps,2.2,1,2.4,-84,,,,21,
2018-05-03T08:55:00.087Z,13.548291,80.000206,-74,10.6189995,291,1.48,7,gps,1,0.9,1.4,-84,,,,21,
2018-05-03T08:55:01.313Z,13.548291,80.000183,-74,10.6189995,292.7,1.05,7,gps,1,0.9,1.3,-84,,,,21,
2018-05-03T08:55:02.517Z,13.54834,80.000123,-72,9.101999,308.1,1.12,5,gps,1,0.9,1.3,-84,,,,21,
2018-05-03T08:55:03.731Z,13.548349,80.000126,-70,9.101999,313.7,1.22,6,gps,1,0.9,1.3,-84,,,,21,
2018-05-03T08:55:04.939Z,13.548371,80.000136,-69,9.101999,340.3,1.24,5,gps,1,0.9,1.3,-84,,,,21,
2018-05-03T08:55:06.212Z,13.548382,80.000132,-71,10.6189995,344.6,1.22,4,gps,1.1,0.9,1.4,-84,,,,21,
2018-05-03T08:55:07.560Z,13.548425,80.000169,-71,12.136,340.6,1.33,5,gps,1.5,0.9,1.7,-84,,,,21,
2018-05-03T08:55:08.752Z,13.54845,80.000155,-71,13.653,338.1,1.4,4,gps,1.4,0.9,1.6,-84,,,,21,
2018-05-03T08:55:09.977Z,13.548455,80.000162,-71,12.136,348.3,1.15,4,gps,1.4,0.9,1.6,-84,,,,21,
2018-05-03T08:55:11.214Z,13.548472,80.000155,-71,12.136,329.9,1.43,6,gps,1.3,0.9,1.6,-84,,,,21,
2018-05-03T08:55:12.458Z,13.548497,80.000133,-73,10.6189995,324.9,1.46,6,gps,1.4,0.9,1.7,-84,,,,21,
2018-05-03T08:55:13.677Z,13.548569,80.000057,-72,10.6189995,325.4,1.26,6,gps,1.8,0.9,2,-84,,,,21,
2018-05-03T08:55:14.892Z,13.548586,80.000041,-72,12.136,318.4,1.13,3,gps,1.4,0.9,1.6,-84,,,,21,
2018-05-03T08:55:16.117Z,13.548603,80.000033,-72,12.136,343.1,1.04,4,gps,1.4,0.9,1.6,-84,,,,21,
2018-05-03T08:55:17.506Z,13.548644,80.000019,-73,12.136,339.6,1.02,4,gps,1.4,0.9,1.6,-84,,,,21,
2018-05-03T08:55:18.741Z,13.548678,80.000004,-72,12.136,342.7,1.69,5,gps,1.4,0.9,1.7,-84,,,,21,
2018-05-03T08:55:19.952Z,13.548693,79.999978,-72,13.653,332.3,1.96,7,gps,1.5,0.9,1.8,-84,,,,21,
2018-05-03T08:55:22.000Z,13.548732,79.999961,-74,16.687,333.6,0.99,13,gps,1.5,0.9,1.7,-84,,,,21,
2018-05-03T08:55:24.000Z,13.548786,79.999931,-76,13.653,334.2,1.41,5,gps,0.9,0.8,1.2,-84,,,,21,
2018-05-03T08:55:25.556Z,13.548796,79.999911,-76,13.653,329.6,1.36,13,gps,0.8,0.8,1.2,-84,,,,21,
2018-05-03T08:55:20.714Z,13.549259,79.999499,0,29.087,0,0,0,network,,,,,,,,21,
2018-05-03T08:55:37.832Z,13.549309,79.999482,0,38.231,0,0,0,network,,,,,,,,21,
2018-05-03T08:55:40.000Z,13.548989,79.999795,-80,18.203999,347.8,1.26,4,gps,0.9,0.8,1.2,-84,,,,21,
2018-05-03T08:55:43.000Z,13.549,79.999796,-75,6.068,319.5,1.07,14,gps,0.8,0.8,1.1,-84,,,,21,
2018-05-03T08:55:46.000Z,13.549004,79.999806,-76,4.5509996,324.6,1.28,16,gps,0.7,0.7,1,-84,,,,21,
2018-05-03T08:55:47.690Z,13.549322,79.999484,0,38.758,0,0,0,network,,,,,,,,21,
2018-05-03T08:55:50.000Z,13.549041,79.999802,-75,6.068,339.6,1.39,4,gps,0.7,0.7,1,-84,,,,21,
2018-05-03T08:55:53.000Z,13.549073,79.9998,-76,6.068,332.9,1.52,17,gps,0.7,0.7,1,-84,,,,21,
2018-05-03T08:55:56.000Z,13.54907,79.999804,-74,4.5509996,344.8,1.33,18,gps,0.7,0.7,1,-84,,,,21,
2018-05-03T08:55:47.962Z,13.549321,79.999487,0,37.317,0,0,0,network,,,,,,,,21,
2018-05-03T08:55:57.409Z,13.549329,79.999493,0,39.3,0,0,0,network,,,,,,,,21,
2018-05-03T08:56:00.000Z,13.549115,79.999798,-72,6.068,351.5,1.35,3,gps,0.7,0.7,0.9,-84,,,,21,
2018-05-03T08:56:02.000Z,13.549138,79.999814,-73,4.5509996,3.7,0.81,2,gps,0.7,0.7,0.9,-84,,,,21,
2018-05-03T08:56:05.000Z,13.549188,79.999818,-71,4.5509996,355.5,1.38,14,gps,0.7,0.7,1,-84,,,,21,
2018-05-03T08:56:08.000Z,13.549247,79.99982,-71,4.5509996,12.9,1.85,12,gps,0.7,0.7,1,-84,,,,21,
2018-05-03T08:56:11.000Z,13.549284,79.999819,-71,4.5509996,12,1.04,11,gps,0.8,0.7,1.1,-84,,,,21,
2018-05-03T08:56:14.000Z,13.549286,79.999809,-72,6.068,11.7,0.58,5,gps,0.8,0.7,1.1,-84,,,,21,
2018-05-03T08:56:17.000Z,13.549266,79.999799,-71,10.6189995,238.4,0.8,5,gps,1.1,0.7,1.3,-84,,,,21,
2018-05-03T08:56:20.000Z,13.549258,79.999753,-71,16.687,256,1.55,4,gps,1.8,0.8,2,-84,,,,21,
2018-05-03T08:56:31.305Z,13.549455,79.99957,0,24.131,0,0,0,network,,,,,,,,21,
2018-05-03T08:56:51.010Z,13.549492,79.999549,0,24.151,0,0,0,network,,,,,,,,21,
2018-05-03T08:57:11.076Z,13.549492,79.999549,0,24.149,0,0,0,network,,,,,,,,21,
2018-05-03T08:57:32.777Z,13.549493,79.999547,0,23.692,0,0,0,network,,,,,,,,21,
2018-05-03T08:57:41.000Z,13.549672,79.999694,-74,27.306,355.1,0.78,12,gps,1.8,0.9,2,-84,,,,21,
2018-05-03T08:57:42.000Z,13.54966,79.999679,-73,21.237999,16.5,0.44,12,gps,0.8,0.8,1.1,-84,,,,21,
2018-05-03T08:57:43.131Z,13.549576,79.999471,0,23.618,0,0,0,network,,,,,,,,21,
2018-05-03T08:57:45.000Z,13.54951,79.999522,-70,12.136,,0,8,gps,0.8,0.8,1.1,-84,,,,21,
2018-05-03T08:57:47.000Z,13.549501,79.99951,-69,12.136,,0,1,gps,0.8,0.8,1.1,-84,,,,21,
2018-05-03T08:57:48.000Z,13.549501,79.99951,-69,12.136,,0,3,gps,0.8,0.8,1.1,-84,,,,21,
2018-05-03T08:57:49.000Z,13.549501,79.99951,-69,13.653,,0,7,gps,0.8,0.8,1.1,-84,,,,21,
2018-05-03T08:57:50.000Z,13.549501,79.99951,-69,15.17,,0,7,gps,1.4,0.9,1.7,-84,,,,21,
2018-05-03T08:57:51.000Z,13.549498,79.999506,-69,16.687,,0,7,gps,1.4,0.9,1.7,-84,,,,21,
2018-05-03T08:57:52.000Z,13.549497,79.999505,-72,18.203999,,0,7,gps,1.4,0.9,1.7,-84,,,,21,
2018-05-03T08:57:44.428Z,13.549576,79.999458,0,23.48,0,0,0,network,,,,,,,,21,
2018-05-03T08:57:53.443Z,13.54958,79.999457,0,23.66,0,0,0,network,,,,,,,,21,
2018-05-03T08:57:55.000Z,13.549489,79.999498,-70,13.653,,0,8,gps,1.1,0.9,1.4,-84,,,,21,
2018-05-03T08:57:57.000Z,13.549481,79.999499,-70,9.101999,,0,1,gps,0.9,0.8,1.3,-84,,,,21,
2018-05-03T08:57:58.000Z,13.549471,79.999511,-71,9.101999,139.3,0.82,8,gps,0.9,0.8,1.2,-84,,,,21,
2018-05-03T08:57:59.000Z,13.54946,79.999525,-74,9.101999,,0,13,gps,1,0.8,1.3,-84,,,,21,
2018-05-03T08:58:00.000Z,13.549451,79.999524,-73,7.585,,0,13,gps,1.1,0.9,1.4,-84,,,,21,
2018-05-03T08:58:01.000Z,13.549443,79.999521,-72,7.585,,0,13,gps,0.8,0.8,1.1,-84,,,,21,
2018-05-03T08:58:02.000Z,13.549433,79.999513,-70,6.068,,0,14,gps,0.8,0.8,1.1,-84,,,,21,
2018-05-03T08:58:03.000Z,13.549434,79.999514,-71,6.068,,0,14,gps,0.7,0.8,1.1,-84,,,,21,
2018-05-03T08:58:04.000Z,13.549432,79.999512,-69,6.068,,0,14,gps,0.7,0.8,1.1,-84,,,,21,
2018-05-03T08:58:05.000Z,13.549433,79.999512,-69,6.068,,0,14,gps,0.7,0.8,1.1,-84,,,,21,
2018-05-03T08:58:06.000Z,13.549438,79.999515,-69,7.585,,0,14,gps,0.7,0.8,1.1,-84,,,,21,
2018-05-03T08:58:07.000Z,13.549443,79.999518,-69,7.585,,0,14,gps,0.7,0.8,1.1,-84,,,,21,
2018-05-03T08:58:08.000Z,13.549447,79.99952,-69,7.585,,0,14,gps,0.7,0.8,1.1,-84,,,,21,
2018-05-03T08:58:09.000Z,13.549449,79.99952,-69,7.585,,0,14,gps,0.7,0.8,1.1,-84,,,,21,
2018-05-03T08:58:10.000Z,13.549451,79.999521,-70,7.585,,0,14,gps,0.7,0.8,1.1,-84,,,,21,
2018-05-03T08:58:11.000Z,13.549452,79.999522,-70,7.585,,0,14,gps,0.7,0.8,1.1,-84,,,,21,
2018-05-03T08:58:12.000Z,13.549454,79.999524,-70,7.585,,0,14,gps,0.7,0.8,1.1,-84,,,,21,
2018-05-03T08:58:13.000Z,13.549454,79.999524,-70,7.585,,0,14,gps,0.7,0.8,1.1,-84,,,,21,
2018-05-03T08:58:14.000Z,13.549455,79.999525,-70,9.101999,,0,14,gps,0.7,0.8,1.1,-84,,,,21,
2018-05-03T08:58:15.000Z,13.549455,79.999524,-70,9.101999,,0,14,gps,0.8,0.8,1.2,-84,,,,21,
2018-05-03T08:58:16.000Z,13.549455,79.999524,-70,10.6189995,,0,14,gps,1,0.9,1.3,-84,,,,21,
2018-05-03T08:58:17.000Z,13.549455,79.999524,-70,13.653,,0,14,gps,1.6,0.9,1.9,-84,,,,21,
2018-05-03T08:58:18.000Z,13.549455,79.999524,-70,15.17,,0,14,gps,1.8,0.9,2,-84,,,,21,
2018-05-03T08:58:19.000Z,13.549454,79.999524,-69,16.687,,0,14,gps,1.8,0.9,2,-84,,,,21,
2018-05-03T08:58:20.000Z,13.549454,79.999524,-69,16.687,,0,14,gps,1,0.8,1.3,-84,,,,21,
2018-05-03T08:58:21.000Z,13.549454,79.999524,-69,15.17,,0,15,gps,1,0.8,1.2,-84,,,,21,
2018-05-03T08:58:22.000Z,13.549454,79.999526,-70,13.653,,0,15,gps,0.9,0.8,1.2,-84,,,,21,
2018-05-03T08:58:23.000Z,13.549453,79.999527,-70,12.136,,0,15,gps,0.8,0.8,1.2,-84,,,,21,
2018-05-03T08:58:15.504Z,13.549492,79.999374,0,23.455,0,0,0,network,,,,,,,,21,
2018-05-03T08:58:24.000Z,13.549452,79.999526,-71,10.6189995,,0,15,gps,0.8,0.8,1.2,-84,,,,21,
2018-05-03T08:58:25.000Z,13.549451,79.999525,-71,10.6189995,,0,15,gps,0.8,0.8,1.1,-84,,,,21,
2018-05-03T08:58:26.000Z,13.54945,79.999525,-71,10.6189995,,0,15,gps,0.7,0.8,1.1,-84,,,,21,
2018-05-03T08:58:27.000Z,13.549449,79.999525,-70,10.6189995,,0,14,gps,0.7,0.8,1.1,-84,,,,21,
2018-05-03T08:58:28.000Z,13.549448,79.999524,-71,12.136,,0,14,gps,0.7,0.8,1.1,-84,,,,21,
2018-05-03T08:58:29.000Z,13.549448,79.999524,-71,12.136,,0,14,gps,0.7,0.8,1.1,-84,,,,21,
2018-05-03T08:58:30.000Z,13.549448,79.999524,-71,12.136,,0,13,gps,0.7,0.8,1.1,-84,,,,21,
2018-05-03T08:58:34.000Z,13.549448,79.999524,-71,16.687,,0,1,gps,1,0.9,1.3,-84,,,,21,
2018-05-03T08:58:36.285Z,13.54951,79.9994,0,23.7,0,0,0,network,,,,,,,,21,
2018-05-03T08:58:38.000Z,13.549448,79.999524,-70,39.441998,,0,0,gps,1.7,0.9,1.9,-84,,,,21,
2018-05-03T08:58:47.000Z,13.549448,79.999524,-70,34.891,,0,8,gps,1.2,0.9,1.5,-84,,,,21,
2018-05-03T08:58:48.000Z,13.549448,79.999524,-70,33.374,,0,8,gps,1.2,0.9,1.5,-84,,,,21,
2018-05-03T08:58:49.000Z,13.549448,79.999524,-70,30.34,,0,8,gps,1.2,0.9,1.5,-84,,,,21,
2018-05-03T08:58:50.000Z,13.549448,79.999524,-71,28.823,,0,8,gps,1.2,0.9,1.5,-84,,,,21,
2018-05-03T08:58:51.000Z,13.549448,79.999524,-73,30.34,,0,8,gps,1.2,0.9,1.5,-84,,,,21,
2018-05-03T08:58:52.000Z,13.549448,79.999524,-72,30.34,,0,8,gps,1.2,0.9,1.5,-84,,,,21,
2018-05-03T08:58:53.000Z,13.549448,79.999525,-72,28.823,,0,8,gps,1.2,0.9,1.5,-84,,,,21,
2018-05-03T08:58:54.000Z,13.549448,79.999525,-72,24.272,,0,8,gps,1.2,0.9,1.5,-84,,,,21,
2018-05-03T08:58:55.000Z,13.549448,79.999525,-72,21.237999,,0,10,gps,0.9,0.9,1.3,-84,,,,21,
2018-05-03T08:58:56.000Z,13.549448,79.999525,-72,19.720999,,0,10,gps,0.9,0.9,1.3,-84,,,,21,
2018-05-03T08:58:49.558Z,13.549518,79.999491,0,23.662,0,0,0,network,,,,,,,,21,
2018-05-03T08:58:58.000Z,13.549448,79.999525,-72,18.203999,,0,11,gps,0.8,0.9,1.2,-84,,,,21,
2018-05-03T08:58:59.000Z,13.549448,79.999525,-70,18.203999,,0,11,gps,1.7,1,1.9,-84,,,,21,
2018-05-03T08:59:00.000Z,13.549448,79.999525,-70,19.720999,,0,11,gps,1.7,1,1.9,-84,,,,21,
2018-05-03T08:59:01.000Z,13.549448,79.999525,-71,19.720999,,0,11,gps,1.7,1,1.9,-84,,,,21,
2018-05-03T08:59:02.000Z,13.549448,79.999525,-71,21.237999,,0,11,gps,1.7,1,1.9,-84,,,,21,
2018-05-03T08:59:03.000Z,13.549448,79.999525,-71,22.755,,0,11,gps,2,1,2.2,-84,,,,21,
2018-05-03T08:59:04.000Z,13.549448,79.999525,-71,28.823,,0,12,gps,500,500,500,-84,,,,21,
2018-05-03T08:59:05.000Z,13.549448,79.999525,-71,34.891,,0,12,gps,13.5,1,13.6,-84,,,,21,
2018-05-03T08:59:07.000Z,13.549448,79.999525,-71,39.441998,,0,13,gps,5.3,1,5.4,-84,,,,21,
2018-05-03T08:59:08.000Z,13.549449,79.999526,-71,37.925,,0,13,gps,3.1,1,3.2,-84,,,,21,